id;eanprod;cliente;localizacion;referencia;descripcion
"1423";"2925720000001";"todos";"1";"E11024";"POLLO REFRIGERADO EX SIN MARINAR"
"1774";"7700257039770";"todos";"1";"14039";"CHORIZO DE POLLO X 10 UND"
"1383";"2497936000002";"todos";"1";"E12168";"PECHUGA X1 REF S/M SINGLE PACK"
"1272";"2925703000004";"todos";"1";"E12001";"PECHUGA X 2"
"1077";"2472350000005";"todos";"1";"E12181";"POLLO ENTERO S/V REF S/M JUMBO"
"1258";"2925705000002";"todos";"1";"E12006";"MUSLO X 6"
"1260";"2925706000001";"todos";"1";"E12007";"SUPERMUSLOS"
"1269";"2925707000000";"todos";"1";"E12010";"CONTRAMUSLOS MARINADOS BANDEJA"
"1307";"7700257000022";"todos";"1";"E12015";"PERNIL CAJA X 5 LB"
"1306";"2925710000004";"todos";"1";"E12017";"ALAS X 3"
"1336";"7700257000183";"todos";"1";"E14001";"CHUZO X 10 POLLOCOA UND"
"1363";"7700257000190";"todos";"1";"E11007";"COMBO POLLO X 2"
"1380";"2925713000001";"todos";"1";"E12022";"RABADILLA BANDEJA X 3"
"1379";"2925748000007";"todos";"1";"E12037";"RECORTE BOLSA"
"1761";"7700257000114";"todos";"1";"E12103";"RABADILLA BOLSA EXITO UND"
"1760";"2925712000002";"todos";"1";"E12025";"AJIACO ESPECIAL"
"1014";"2925718000006";"todos";"1";"E12026";"FILETE DE PECHUGA BLOQUE"
"1755";"7700257000169";"todos";"1";"E13001";"MENUDENCIA FINA BANDEJA"
"1209";"7700257000220";"todos";"1";"E12209";"FILETE DE PECHUGA X 10 UND"
"1267";"2925724000007";"todos";"1";"E12031";"FILETE PECHUGA BANDEJA"
"1213";"2925719000005";"todos";"1";"E12032";"PECHUGA PRESA SUELTA"
"1042";"2925727000004";"todos";"1";"E12034";"MUSLO REFRIGERADO"
"1001";"2972030000009";"todos";"1";"e12035";"CONTRAMUSLO REFRIGERADO"
"1405";"7700257000299";"todos";"1";"E14002";"ALITAS DE POLLO ADOBADAS PICANTES"
"1358";"7700257000305";"todos";"1";"E14003";"ALITAS DE POLLO ADOBADAS BBQ UND"
"1375";"7700257000275";"todos";"1";"E14005";"FILETE DE PECHUGA ADOB FINAS HIERBAS UND"
"193";"2925753000009";"todos";"1";"11009       ";"POLLO SIN VISCERA REFRIGERADO"
"1018";"2925721000000";"todos";"1";"E13002";"HIGADO BOLSA"
"1028";"2925722000009";"todos";"1";"E13003";"MOLLEJA BOLSA"
"1064";"2472342000006";"todos";"1";"E12172";"FILETE PECHU X 2 REF S/M JUMBO"
"1759";"7700257000107";"todos";"1";"E13005";"PATAS Y CABEZA UNIDAD"
"1378";"2925704000003";"todos";"1";"E12040";"SUPER PECHUGA DE POLLO INDIVIDUAL"
"1335";"7700257000176";"todos";"1";"E12036";"RECORTE ECONOMICO"
"1206";"7700257000695";"todos";"1";"E12086";"MUSLO X 5 FRESCAMPO UND"
"1356";"2936155000009";"todos";"1";"E12227";"FILETE PECHU REF  FINAS HIERBAS GRANEL W"
"1264";"2487031000007";"todos";"1";"E12117";"PECHUGA X 1 BANDEJA"
"1372";"2487302000002";"todos";"1";"E12150";"PECHUGAS X 2 FRESCAMPO"
"1271";"2487196000003";"todos";"1";"E12085";"FILETE BANDEJA FRESCAMPO"
"1029";"2904978000001";"todos";"1";"E13003";"MOLLEJA BOLSA"
"1247";"2904921000003";"todos";"1";"E12118";"MUSLO PRESA SUELTA"
"1019";"2920709000003";"todos";"1";"E13002";"HIGADO BOLSA"
"1317";"2487314000007";"todos";"1";"E12152";"CONTRAMUSLO SIN PIEL BANDEJA"
"1133";"2936148000009";"todos";"1";"E12225";"MUSLO X 6 REF MAR W"
"1612";"2925751000001";"todos";"1";"E12727";"CHULETA DE PECHUGA PRESA SUELTA"
"1173";"2925728000003";"todos";"1";"E12035";"CONTRAMUSLO REFRIGERADO"
"1145";"2936181000004";"todos";"1";"E12230";"HUESO ESPECIAL DE POLLO (PESCUEZO) REF W"
"1071";"2472345000003";"todos";"1";"E12178";"PECHUGA X 2 REF S/M JUMBO"
"1248";"2923897000008";"todos";"1";"E12118";"MUSLO PRESA SUELTA"
"1030";"2972035000004";"todos";"1";"E13003";"MOLLEJA BOLSA"
"1265";"2925771000005";"todos";"1";"E12117";"PECHUGA X 1 BANDEJA"
"1359";"7700257000688";"todos";"1";"E14008";"CHUZO X 3 FRESCAMPO UND"
"1312";"2487362000004";"todos";"1";"E12130";"CONTRAMUSLO X 6 FRESCAMPO"
"1292";"2487368000008";"todos";"1";"E12146";"ALAS  X 3 FRESCAMPO"
"1075";"2472349000009";"todos";"1";"E12177";"PERNIL X 2 REF S/M JUMBO"
"1076";"2925757000005";"todos";"1";"E12003";"PECHUGA REF MARINADA"
"1098";"2949596000002";"todos";"1";"E12002";"PECHUGA REFRIGERADA"
"1767";"2936193000009";"todos";"1";"E12743";"CONTRAMUSLO X 5 CAMPO S/M JUMBO"
"1137";"2415815000004";"todos";"1";"E12225";"MUSLO X 6 REF MAR W"
"1097";"2410355000002";"todos";"1";"E12189";"COLOMBINA DE POLLO X 30 REF S/M FAMILY"
"1083";"2410358000009";"todos";"1";"E12183";"FILETE 1/2 PECHU REF S/M FAMILY"
"1089";"2410359000008";"todos";"1";"E12186";"MUSLO X12 REF S/M FAMILY"
"1080";"2410360000004";"todos";"1";"E12182";"MUSLO X 12 SIN PIEL REF S/M FAMILY"
"1091";"2410354000003";"todos";"1";"E12187";"ALA S/C X 20 REF S/M FAMILY"
"1139";"2925782000001";"todos";"1";"E12226";"PECHUGA X 2 REF MAR W"
"1135";"2925749000006";"todos";"1";"E12225";"MUSLO X 6 REF MAR W"
"1126";"2936149000008";"todos";"1";"E12224";"FILETE PECHU X 2 REF M W"
"1117";"2925792000008";"todos";"1";"E12223";"CONTRAMUSLO X 6 REF M W"
"1757";"2925769000000";"todos";"1";"E12029";"PECHUGA INDIVIDUAL"
"1385";"2925770000006";"todos";"1";"E12106";"PECHUGA SIN PIEL ESPECIAL EXITO"
"1243";"2923898000007";"todos";"1";"E12113";"CONTRAMUSLO PRESA SUELTA"
"1255";"2953033000005";"todos";"1";"E12038";"PERNIL INDIVIDUAL"
"1313";"7700257000527";"todos";"1";"E12130";"CONTRAMUSLO X 6 FRESCAMPO"
"998";"2925730000008";"todos";"1";"E12011";"ALA C/C REFRIGERADA"
"1204";"2925754000008";"todos";"1";"E12062";"ALITAS S/C REFRIGERADAS"
"1061";"2472344000004";"todos";"1";"E12179";"CONTRAMUSLO X 6 REF S/M JUMBO"
"1244";"2973234000000";"todos";"1";"E12113";"CONTRAMUSLO PRESA SUELTA"
"1249";"2438530000005";"todos";"1";"E12118";"MUSLO PRESA SUELTA"
"1211";"2438532000003";"todos";"1";"E12141";"ALAS PRESA SUELTA"
"1245";"2438533000002";"todos";"1";"E12113";"CONTRAMUSLO PRESA SUELTA"
"1214";"2438529000009";"todos";"1";"E12032";"PECHUGA PRESA SUELTA"
"1161";"2438531000004";"todos";"1";"E12028";"PERNIL EXITO REFRIGERADO"
"1250";"7700257000558";"todos";"1";"E12118";"MUSLO PRESA SUELTA"
"295";"7700257000565";"todos";"1";"14018       ";"LOMO NAVIDENO"
"296";"7700257000473";"todos";"1";"14011       ";"ROLLO POLLO CON VERDURAS X 500 GR UND"
"297";"7700257000572";"todos";"1";"14019       ";"LOMO CON CHAMPINONES X 850"
"1779";"2936185000000";"todos";"1";"E12752";"CONTRAMUSLO CAMPO SR MAR - REF A GRANEL"
"1033";"2990102000009";"todos";"1";"E13003";"MOLLEJA BOLSA"
"1251";"2974183000004";"todos";"1";"E12118";"MUSLO PRESA SUELTA"
"1020";"2990101000000";"todos";"1";"E13002";"HIGADO BOLSA"
"1067";"2472458000006";"todos";"1";"E12175";"COLOMBINA DE POLLO X 14 REF S/M JUMBO"
"1150";"2936130000000";"todos";"1";"E12232";"FILETE DE CONTRA X 2 REF S/M AL VACIO W"
"1152";"2936132000008";"todos";"1";"E12233";"MINICHUZOS LOMITOS PECH X 6 REF VACIO W"
"1711";"2973209000004";"todos";"1";"E13039";"CORAZON BOLSA S/I"
"1768";"2936182000003";"todos";"1";"E12742";"MUSLO X5 DE CAMPO S/M JUMBO"
"1229";"2920718000001";"todos";"1";"E12032";"PECHUGA PRESA SUELTA"
"1114";"2925762000007";"todos";"1";"E12223";"CONTRAMUSLO X 6 REF M W"
"1205";"2472478000000";"todos";"1";"E11045";"POLLO ENTERO S/V REF MAR COMPENSADO JUMB"
"1324";"7700257000633";"todos";"1";"E11011";"POLLO CON VISCERA (1.7 - 2.0)"
"575";"7700257000701";"todos";"1";"14036       ";"LOMO DE PECHUGA"
"1769";"2936108000001";"todos";"1";"E11119";"POLLO CAMPO DESPRESADO S/M REF BANDEJA"
"1159";"2925717000007";"todos";"1";"E12028";"PERNIL EXITO REFRIGERADO"
"1749";"2496365000003";"todos";"1";"E16031";"ALAS SIN COSTILLAR CAMPO SM A GRANEL"
"1777";"2936194000008";"todos";"1";"E12753";"CONTRAMUSLO DE CAMPO SR SM REFRIGERADO"
"1778";"2936188000007";"todos";"1";"E12754";"MUSLO DE CAMPO MARINADO REF A GRAN"
"1032";"2972036000003";"todos";"1";"E13003";"MOLLEJA BOLSA"
"1709";"2973205000008";"todos";"1";"E13042";"MOLLEJA BOLSA S/I"
"1735";"2973206000007";"todos";"1";"E12158";"MUSLO REFRIGERADO MARINADO S/I EXITO"
"1253";"2925787";"todos";"1";"E12118";"MUSLO PRESA SUELTA"
"1361";"1339";"todos";"1";"E12193";"COLOMBINA DE ALA  PRESA SULTA X 30 MAKRO"
"1392";"2497935000003";"todos";"1";"E12162";"MUSLO X 2 SIN PIEL REF S/M SINGLE PACK"
"1275";"2140";"todos";"1";"E12679";"PECHUGA CON PIEL X 4 REF S/M ARO FAMI"
"1274";"2139";"todos";"1";"E12673";"COLOMBINA DE POLLO X 30 REF S/M ARO FAMI"
"1365";"2497931000007";"todos";"1";"E12169";"CONTRAMUSLO X 2 REF S/M SINGLE PACK"
"1070";"2472348000000";"todos";"1";"E12171";"MUSLO X 5 SIN PIEL REF S/M JUMBO"
"1065";"2923806000006";"todos";"1";"E13013";"PATAS A GRANEL"
"1072";"2472346000002";"todos";"1";"E12173";"PECHUGA SIN PIEL X 2 REF S/M JUMBO"
"1063";"2472343000005";"todos";"1";"E12174";"CONTRAMUSLO SIN PIEL X 6 REF S/M JUMBO"
"1066";"2925726000005";"todos";"1";"E13013";"PATAS A GRANEL"
"1069";"2472347000001";"todos";"1";"E12176";"MUSLO X 5 REF S/M JUMBO"
"1078";"2925732000006";"todos";"1";"E12002";"PECHUGA REFRIGERADA"
"1775";"2971331000008";"todos";"1";"E12002";"PECHUGA REFRIGERADA"
"1085";"2410362000002";"todos";"1";"E12184";"PECHUGA SIN PIEL X 4 REF S/M FAMILY"
"1095";"2410361000003";"todos";"1";"E12188";"PECHUGA X 4 REF S/M FAMILY"
"1099";"2410356000001";"todos";"1";"E12190";"CONTRAMUSLO X 12 REF S/M FAMILY"
"1395";"2472469000002";"todos";"1";"E12133";"FILETE REFRIGERADO BANDEJA JUMBO"
"1371";"2497933000005";"todos";"1";"E12163";"FILETE 1/2 PECHU X 2 REF S/M SINGLE PACK"
"1384";"2497937000001";"todos";"1";"E12164";"PECHUGA SIN PIEL X 1 REF S/M SINGLE PACK"
"1770";"2936115000001";"todos";"1";"E12744";"PECHUGA REFRIGERADA DE CAMPO S/M BANDEJA"
"1394";"2497934000004";"todos";"1";"E12166";"MUSLO X 2 REF S/M SINGLE PACK"
"1381";"2497938000000";"todos";"1";"E12167";"PERNIL X 1 REF S/M SINGLE PACK"
"1776";"2936197000005";"todos";"1";"E12755";"MUSLO DE CAMPO REF A GRANEL"
"1300";"2936141";"todos";"1";"E12666";"MUSLO SIN PIEL R X 12 S/M FAMI EU"
"1386";"7700257000343";"todos";"1";"E12106";"PECHUGA SIN PIEL ESPECIAL EXITO"
"1318";"2925793000007";"todos";"1";"E12152";"CONTRAMUSLO SIN PIEL BANDEJA"
"1287";"2155";"todos";"1";"E12681";"COLOMBINA DE POLLO X 14 REF S/M ARO ESTA"
"1288";"2156";"todos";"1";"E12689";"POLLO ENTERO S/V REF S/M ARO ESTANDAR"
"1289";"2157";"todos";"1";"E12680";"ALAS X 8 S/C ARO ESTANDAR"
"1290";"2213";"todos";"1";"E12678";"PECHUGA SIN PIEL REF X 4 S/M ARO FAMI"
"1747";"2496363000005";"todos";"1";"E16030";"FILETE DE PECHUGA DE CAMPO SM A GRANEL"
"1736";"2925737000001";"todos";"1";"E12159";"CONTRAMUSLO REFRIGERADO MARINADO S/I EXI"
"1730";"2986999000000";"todos";"1";"E12078";"PERNIL DE CAMPO MAR REF A GRANEL"
"1731";"2986982000000";"todos";"1";"E12083";"ALA C/C DE CAMPO MAR REF A GRANEL"
"1338";"2925794000006";"todos";"1";"E12151";"PECHUGA SIN PIEL BANDEJA"
"1104";"2936168000003";"todos";"1";"E12213";"MUSLO X 12 SIN PIEL REF S/M W"
"1100";"2936175000003";"todos";"1";"E12210";"FILETE 1/2 PECHU X 10 REF S/M W"
"1101";"2936118000008";"todos";"1";"E12211";"FILETE DE CONTRAMUSLO X 15 REF S/M W"
"1105";"2925781000002";"todos";"1";"E12214";"LOMITOS TROZOS DE POLLO REFRIGERADOS M W"
"1107";"2936100000009";"todos";"1";"E12215";"FILETE PECHUGA REF 330-360 X 5 UND W"
"1108";"2936122000001";"todos";"1";"E12216";"FILETE PECHUGA REF 90-100 X 5 UND W"
"1569";"2936198000004";"todos";"1";"E12257";"PECHUGA SIN PIEL REF S/M A GRANEL"
"1103";"2925750000002";"todos";"1";"E12212";"PECHUGA SIN PIEL X 4 REF S/M W"
"1321";"2936146000001";"todos";"1";"E12221";"FILETE 1/2 PECHU X 2 REF FINAS H VACIO W"
"1354";"1344";"todos";"1";"E12195";"MUSLO PRESA SUELTA X 10 MAKRO"
"1458";"7700257000411";"todos";"1";"14013";"CARNE MOLIDA CONDIMENTADA X 500"
"1460";"2925714";"todos";"1";"E12025";"AJIACO ESPECIAL"
"1364";"2497932000006";"todos";"1";"E12165";"CONTRAMUSLO SIN PIEL X 3 REF S/M SINGLE"
"1376";"2413330000002";"todos";"1";"E12197";"TROZOS DE PECHUGA BOLSA MAKRO"
"1377";"1333";"todos";"1";"E12197";"TROZOS DE PECHUGA BOLSA MAKRO"
"1286";"2153";"todos";"1";"E12685";"MUSLO SIN PIEL X 5 S/M ARO ESTANDAR"
"1256";"2413260000002";"todos";"1";"E12038";"PERNIL INDIVIDUAL"
"1349";"2413380000007";"todos";"1";"E12191";"CONTRAMUSLO PRESA SUELTA X 10 MAKRO"
"1350";"1338";"todos";"1";"E12191";"CONTRAMUSLO PRESA SUELTA X 10 MAKRO"
"1352";"2413410000001";"todos";"1";"E12194";"MUSLO PRESA SUELTA X 15 MAKRO"
"1346";"1336";"todos";"1";"E12199";"FILETE DE PECHUGA X 10 MAKRO"
"1434";"7700257000015";"EURO ARKADIA";"7708900994902";"E11043";"POLLO CV POLLOCOA 2.0 - 2.2"
"1446";"7700257000015";"EURO PALMA GRANDE";"7709997421777";"E11043";"POLLO CV POLLOCOA 2.0 - 2.2"
"1439";"7700257000015";"EURO FRONTERA";"7709990828672";"E11043";"POLLO CV POLLOCOA 2.0 - 2.2"
"1447";"7700257000015";"EURO SABANETA";"7709997693075";"E11043";"POLLO CV POLLOCOA 2.0 - 2.2"
"1442";"7700257000015";"EURO JARDINES DE LLANO GRANDE";"7709184761983";"E11043";"POLLO CV POLLOCOA 2.0 - 2.2"
"1438";"7700257000015";"EURO FLORIDA";"7709990828603";"E11043";"POLLO CV POLLOCOA 2.0 - 2.2"
"1444";"7700257000015";"EURO LOMA DE LOS BERNAL";"7709997181176";"E11043";"POLLO CV POLLOCOA 2.0 - 2.2"
"1445";"7700257000015";"EURO MAYORISTA";"7709990828689";"E11043";"POLLO CV POLLOCOA 2.0 - 2.2"
"1443";"7700257000015";"EURO LAURELES";"7709990828665";"E11043";"POLLO CV POLLOCOA 2.0 - 2.2"
"1436";"7700257000015";"EURO NIQUIA";"7709997841957";"E11043";"POLLO CV POLLOCOA 2.0 - 2.2"
"1441";"7700257000015";"EURO ITAGUI";"7709997664785";"E11043";"POLLO CV POLLOCOA 2.0 - 2.2"
"1440";"7700257000015";"EURO GRAN MANZANA";"7709554245426";"E11043";"POLLO CV POLLOCOA 2.0 - 2.2"
"1437";"7700257000015";"EURO CASTILLA";"7709990828641";"E11043";"POLLO CV POLLOCOA 2.0 - 2.2"
"1131";"000292573268";"035-EXITO ENVIGADO";"7701001003504";"E12224";"FILETE PECHU X 2 REF M W"
"1215";"2973280000009";"035-EXITO ENVIGADO";"7701001003504";"E12032";"PECHUGA PRESA SUELTA"
"1147";"2925717000007";"035-EXITO ENVIGADO";"7701001003504";"E12028";"PERNIL EXITO REFRIGERADO"
"1357";"2925794000006";"035-EXITO ENVIGADO";"7701001003504";"E12228";"FILETE CONTRAMUSLO"
"1081";"2949596000002";"035-EXITO ENVIGADO";"7701001003504";"E12002";"PECHUGA REFRIGERADA"
"1082";"2925732000006";"035-EXITO ENVIGADO";"7701001003504";"E12002";"PECHUGA REFRIGERADA"
"1129";"2925733000005";"035-EXITO ENVIGADO";"7701001003504";"E12224";"FILETE PECHU X 2 REF M W"
"1084";"2949596000002";"030-EXITO BELLO";"7701001003009";"E12002";"PECHUGA REFRIGERADA"
"1022";"2923896000009";"039-EXITO SAN ANTONIO";"7701001003900";"E13002";"HIGADO BOLSA"
"1036";"2438512000009";"039-EXITO SAN ANTONIO";"7701001003900";"E13003";"MOLLEJA BOLSA"
"1073";"2438513000008";"039-EXITO SAN ANTONIO";"7701001003900";"E13013";"PATAS A GRANEL"
"1466";"2925737000001";"039-EXITO SAN ANTONIO";"7701001003900";"E12159";"CONTRAMUSLO REFRIGERADO MARINADO S/I EXI"
"1086";"2949596000002";"033-EXITO POBLADO";"7701001003306";"E12002";"PECHUGA REFRIGERADA"
"191";"2925753000009";"031-EXITO COLOMBIA";"7701001003108";"11009       ";"POLLO SIN VISCERA REFRIGERADO"
"1155";"2925717000007";"031-EXITO COLOMBIA";"7701001003108";"E12028";"PERNIL EXITO REFRIGERADO"
"1090";"2949596000002";"031-EXITO COLOMBIA";"7701001003108";"E12002";"PECHUGA REFRIGERADA"
"1092";"2949596000002";"037-EXITO LAURELES";"7701001003702";"E12002";"PECHUGA REFRIGERADA"
"1430";"2925794000006";"037-EXITO LAURELES";"7701001003702";"E12228";"FILETE CONTRAMUSLO"
"1153";"2925717000007";"036-EXITO GUAYAQUIL";"7701001003603";"E12028";"PERNIL EXITO REFRIGERADO"
"1188";"2973280000009";"040-EXITO ITAGUI";"7701001004006";"E12157";"PECHUGA REFRIGERADA MARINADA S/I EXITO"
"1038";"2904978000001";"040-EXITO ITAGUI";"7701001004006";"E13003";"MOLLEJA BOLSA"
"1093";"2949596000002";"040-EXITO ITAGUI";"7701001004006";"E12002";"PECHUGA REFRIGERADA"
"1181";"2925737000001";"040-EXITO ITAGUI";"7701001004006";"E12159";"CONTRAMUSLO REFRIGERADO MARINADO S/I EXI"
"1195";"2973206000007";"040-EXITO ITAGUI";"7701001004006";"E12158";"MUSLO REFRIGERADO MARINADO S/I EXITO"
"1094";"2949596000002";"512-EXITO ENVIGADO CENTRO";"7701001051208";"E12002";"PECHUGA REFRIGERADA"
"1196";"2973206000007";"512-EXITO ENVIGADO CENTRO";"7701001051208";"E12158";"MUSLO REFRIGERADO MARINADO S/I EXITO"
"1182";"2925737000001";"512-EXITO ENVIGADO CENTRO";"7701001051208";"E12159";"CONTRAMUSLO REFRIGERADO MARINADO S/I EXI"
"1189";"2973280000009";"512-EXITO ENVIGADO CENTRO";"7701001051208";"E12157";"PECHUGA REFRIGERADA MARINADA S/I EXITO"
"1532";"2973280000009";"502-EXITO BELEN";"7701001050201";"E12157";"PECHUGA REFRIGERADA MARINADA S/I EXITO"
"1096";"2949596000002";"502-EXITO BELEN";"7701001050201";"E12002";"PECHUGA REFRIGERADA"
"1190";"2973280000009";"504-EXITO 33";"7701001050409";"E12157";"PECHUGA REFRIGERADA MARINADA S/I EXITO"
"1197";"2973206000007";"504-EXITO 33";"7701001050409";"E12158";"MUSLO REFRIGERADO MARINADO S/I EXITO"
"1116";"2949596000002";"504-EXITO 33";"7701001050409";"E12002";"PECHUGA REFRIGERADA"
"1183";"2925737000001";"504-EXITO 33";"7701001050409";"E12159";"CONTRAMUSLO REFRIGERADO MARINADO S/I EXI"
"1198";"2973206000007";"505-EXITO 70";"7701001050508";"E12158";"MUSLO REFRIGERADO MARINADO S/I EXITO"
"1191";"2973280000009";"505-EXITO 70";"7701001050508";"E12157";"PECHUGA REFRIGERADA MARINADA S/I EXITO"
"1184";"2925737000001";"505-EXITO 70";"7701001050508";"E12159";"CONTRAMUSLO REFRIGERADO MARINADO S/I EXI"
"1158";"2925717000007";"408-EXITO SANDIEGO";"7701001040806";"E12028";"PERNIL EXITO REFRIGERADO"
"1118";"2949596000002";"514-EXITO MOLINOS";"7701001051406";"E12002";"PECHUGA REFRIGERADA"
"1119";"2949596000002";"029-EXITO GRAN VIA";"7701001002903";"E12002";"PECHUGA REFRIGERADA"
"1120";"2949596000002";"095-EXITO SABANETA";"7701001009506";"E12002";"PECHUGA REFRIGERADA"
"1121";"2949596000002";"045-EXITO APARTADO C.B.";"7701001004501";"E12002";"PECHUGA REFRIGERADA"
"1122";"2949596000002";"042-EXITO RIONEGRO";"7701001004204";"E12002";"PECHUGA REFRIGERADA"
"1023";"2920709000003";"098-EXITO ROBLEDO";"7701001009803";"E13002";"HIGADO BOLSA"
"1653";"2973280000009";"098-EXITO ROBLEDO";"7701001009803";"E12157";"PECHUGA REFRIGERADA MARINADA S/I EXITO"
"1123";"2949596000002";"098-EXITO ROBLEDO";"7701001009803";"E12002";"PECHUGA REFRIGERADA"
"1048";"2972304000001";"098-EXITO ROBLEDO";"7701001009803";"E12034";"MUSLO REFRIGERADO"
"1050";"2972304000001";"043-EXITO SINCELEJO C.B.";"7701001004303";"E12034";"MUSLO REFRIGERADO"
"1016";"2974167000006";"262-EXITO MONTERIA NORTE C.B";"7701001026206";"E12026";"FILETE DE PECHUGA BLOQUE"
"1017";"2974167000006";"020-CEDI VEGAS";"7701001000305";"E12026";"FILETE DE PECHUGA BLOQUE"
"1130";"2949596000002";"265-EXITO CAUCASIA C.B";"7701001265001";"E12002";"PECHUGA REFRIGERADA"
"1231";"2925732000006";"465-SURTIMAX MANRIQUE";"7701001465005";"E12032";"PECHUGA PRESA SUELTA"
"1517";"2973280000009";"464-SURTIMAX SAN JAVIER";"7701001464008";"E12157";"PECHUGA REFRIGERADA MARINADA S/I EXITO"
"1518";"2973206000007";"464-SURTIMAX SAN JAVIER";"7701001464008";"E12158";"MUSLO REFRIGERADO MARINADO S/I EXITO"
"1512";"2925737000001";"464-SURTIMAX SAN JAVIER";"7701001464008";"E12159";"CONTRAMUSLO REFRIGERADO MARINADO S/I EXI"
"192";"2925753000009";"331-EXITO AMERICA";"7701001033105";"11009       ";"POLLO SIN VISCERA REFRIGERADO"
"1134";"2949596000002";"331-EXITO AMERICA";"7701001033105";"E12002";"PECHUGA REFRIGERADA"
"1051";"2972304000001";"552-CARULLA VISITACION";"7701001552002";"E12034";"MUSLO REFRIGERADO"
"1052";"2972304000001";"338-CARULLA OVIEDO";"7701001033808";"E12034";"MUSLO REFRIGERADO"
"1053";"2972304000001";"339-CARULLA PALMAS";"7701001033907";"E12034";"MUSLO REFRIGERADO"
"1054";"2972304000001";"340-CARULLA PINAR DEL RIO";"7701001034003";"E12034";"MUSLO REFRIGERADO"
"1725";"2973280000009";"633-CARULLA CITY PLAZA";"7701001633008";"E12157";"PECHUGA REFRIGERADA MARINADA S/I EXITO"
"1055";"2972304000001";"633-CARULLA CITY PLAZA";"7701001633008";"E12034";"MUSLO REFRIGERADO"
"1727";"2973206000007";"633-CARULLA CITY PLAZA";"7701001633008";"E12158";"MUSLO REFRIGERADO MARINADO S/I EXITO"
"1240";"2925732000006";"507-SURTIMAX PARQUE BELEN";"7701001507002";"E12032";"PECHUGA PRESA SUELTA"
"1645";"2973280000009";"507-SURTIMAX PARQUE BELEN";"7701001507002";"E12157";"PECHUGA REFRIGERADA MARINADA S/I EXITO"
"1239";"2925732000006";"572-SURTIMAX AMERICA";"7701001572000";"E12032";"PECHUGA PRESA SUELTA"
"1221";"2973280000009";"572-SURTIMAX AMERICA";"7701001572000";"E12032";"PECHUGA PRESA SUELTA"
"1241";"2926078000002";"572-SURTIMAX AMERICA";"7701001572000";"E12032";"PECHUGA PRESA SUELTA"
"1218";"2973280000009";"515-SURTIMAX CASTILLA";"7701001515007";"E12032";"PECHUGA PRESA SUELTA"
"1192";"2973280000009";"073-EXITO ARANJUEZ";"7701001007304";"E12157";"PECHUGA REFRIGERADA MARINADA S/I EXITO"
"1185";"2925737000001";"073-EXITO ARANJUEZ";"7701001007304";"E12159";"CONTRAMUSLO REFRIGERADO MARINADO S/I EXI"
"1492";"2973280000009";"516-SURTIMAX CENTRO DE LA MODA";"7701001051604";"E12157";"PECHUGA REFRIGERADA MARINADA S/I EXITO"
"1495";"2973206000007";"516-SURTIMAX CENTRO DE LA MODA";"7701001051604";"E12158";"MUSLO REFRIGERADO MARINADO S/I EXITO"
"1496";"2925737000001";"516-SURTIMAX CENTRO DE LA MODA";"7701001051604";"E12159";"CONTRAMUSLO REFRIGERADO MARINADO S/I EXI"
"1238";"2925732000006";"613-SURTIMAX GARDEL";"7701001613000";"E12032";"PECHUGA PRESA SUELTA"
"1488";"2973280000009";"613-SURTIMAX GARDEL";"7701001613000";"E12157";"PECHUGA REFRIGERADA MARINADA S/I EXITO"
"1237";"2925732000006";"305-SURTIMAX PARAISO";"7701001030500";"E12032";"PECHUGA PRESA SUELTA"
"1236";"2925732000006";"765-SURTIMAX ZAMORA";"7701001076508";"E12032";"PECHUGA PRESA SUELTA"
"1223";"2973280000009";"765-SURTIMAX ZAMORA";"7701001076508";"E12032";"PECHUGA PRESA SUELTA"
"1525";"2973206000007";"485-SURTIMAX VILLA HERMOSA";"7701001048505";"E12158";"MUSLO REFRIGERADO MARINADO S/I EXITO"
"1524";"2973280000009";"485-SURTIMAX VILLA HERMOSA";"7701001048505";"E12157";"PECHUGA REFRIGERADA MARINADA S/I EXITO"
"1140";"2949596000002";"176-EXITO CAREPA C.B.";"7701001017600";"E12002";"PECHUGA REFRIGERADA"
"1555";"2953050000002";"177-EXITO TURBO C.B.";"7701001017709";"E12132";"RABADILLA REFRIGERADA SM"
"1681";"2925737000001";"177-EXITO TURBO C.B.";"7701001017709";"E12159";"CONTRAMUSLO REFRIGERADO MARINADO S/I EXI"
"1141";"2949596000002";"177-EXITO TURBO C.B.";"7701001017709";"E12002";"PECHUGA REFRIGERADA"
"1520";"2973280000009";"333-SURTIMAX LA CEJA";"7701001033303";"E12157";"PECHUGA REFRIGERADA MARINADA S/I EXITO"
"1234";"2925732000006";"755-SURTIMAX FREDONIA";"7701001755007";"E12032";"PECHUGA PRESA SUELTA"
"1225";"2973280000009";"755-SURTIMAX FREDONIA";"7701001755007";"E12032";"PECHUGA PRESA SUELTA"
"1514";"2973206000007";"463-SURTIMAX PUERTO BERRIO C.B.";"7701001046303";"E12158";"MUSLO REFRIGERADO MARINADO S/I EXITO"
"1515";"2925737000001";"463-SURTIMAX PUERTO BERRIO C.B.";"7701001046303";"E12159";"CONTRAMUSLO REFRIGERADO MARINADO S/I EXI"
"1513";"2973280000009";"463-SURTIMAX PUERTO BERRIO C.B.";"7701001046303";"E12157";"PECHUGA REFRIGERADA MARINADA S/I EXITO"
"1233";"2925732000006";"627-SURTIMAX SAN PEDRO";"7701001062709";"E12032";"PECHUGA PRESA SUELTA"
"1462";"2973280000009";"627-SURTIMAX SAN PEDRO";"7701001062709";"E12157";"PECHUGA REFRIGERADA MARINADA S/I EXITO"
"1461";"2925737000001";"627-SURTIMAX SAN PEDRO";"7701001062709";"E12159";"CONTRAMUSLO REFRIGERADO MARINADO S/I EXI"
"1056";"2972304000001";"725-CARULLA POBLADO";"7701001072500";"E12034";"MUSLO REFRIGERADO"
"1057";"2972304000001";"728-CARULLA SAN LUCAS";"7701001072807";"E12034";"MUSLO REFRIGERADO"
"1232";"2925732000006";"453-BODEGUITA SMX SANTAFE DE ANTIOQUIA";"7701001453002";"E12032";"PECHUGA PRESA SUELTA"
"1507";"2973280000009";"453-BODEGUITA SMX SANTAFE DE ANTIOQUIA";"7701001453002";"E12157";"PECHUGA REFRIGERADA MARINADA S/I EXITO"
"1508";"2973206000007";"453-BODEGUITA SMX SANTAFE DE ANTIOQUIA";"7701001453002";"E12158";"MUSLO REFRIGERADO MARINADO S/I EXITO"
"1509";"2925737000001";"453-BODEGUITA SMX SANTAFE DE ANTIOQUIA";"7701001453002";"E12159";"CONTRAMUSLO REFRIGERADO MARINADO S/I EXI"
"1227";"2973280000009";"746-SURTIMAX CAUCASIA C.B.";"7701001746005";"E12032";"PECHUGA PRESA SUELTA"
"1160";"2974159000007";"402-EXITO CHIPICHAPE";"7701001040202";"E12028";"PERNIL EXITO REFRIGERADO"
"1058";"2925727000004";"489-SURTIMAX MONTERIA MERCADITO C.B.";"7701001048901";"E12034";"MUSLO REFRIGERADO"
"999";"2925730000008";"489-SURTIMAX MONTERIA MERCADITO C.B.";"7701001048901";"E12011";"ALA C/C REFRIGERADA"
"1124";"2925732000006";"489-SURTIMAX MONTERIA MERCADITO C.B.";"7701001048901";"E12002";"PECHUGA REFRIGERADA"
"1144";"2949596000002";"475-SURTIMAX CALLE 129 B.";"7701001475004";"E12002";"PECHUGA REFRIGERADA"
"1000";"2925730000008";"688-SURTIMAX CERETE C.B.";"7701001688008";"E12011";"ALA C/C REFRIGERADA"
"1207";"2925732000006";"688-SURTIMAX CERETE C.B.";"7701001688008";"E12002";"PECHUGA REFRIGERADA"
"1059";"2925727000004";"688-SURTIMAX CERETE C.B.";"7701001688008";"E12034";"MUSLO REFRIGERADO"
"1506";"2973280000009";"486-SURTIMAX BARBOSA";"7701001048604";"E12157";"PECHUGA REFRIGERADA MARINADA S/I EXITO"
"1228";"2973280000009";"165-SURTIMAX RIONEGRO";"7701001016504";"E12032";"PECHUGA PRESA SUELTA"
"441";"2927392000006";"075-EXITO MAYORCA";"7701001007502";"15013       ";"SALCHICHA MANGUERA 500 GR"
"1193";"2973280000009";"482-EXITO AVENTURA";"7701001048208";"E12157";"PECHUGA REFRIGERADA MARINADA S/I EXITO"
"1186";"2925737000001";"482-EXITO AVENTURA";"7701001048208";"E12159";"CONTRAMUSLO REFRIGERADO MARINADO S/I EXI"
"1199";"2973206000007";"482-EXITO AVENTURA";"7701001048208";"E12158";"MUSLO REFRIGERADO MARINADO S/I EXITO"
"442";"2927392000006";"482-EXITO AVENTURA";"7701001048208";"15013       ";"SALCHICHA MANGUERA 500 GR"
"1194";"2973280000009";"4040-EXITO LA CENTRAL";"7701001040400";"E12157";"PECHUGA REFRIGERADA MARINADA S/I EXITO"
"1200";"2973206000007";"4040-EXITO LA CENTRAL";"7701001040400";"E12158";"MUSLO REFRIGERADO MARINADO S/I EXITO"
"1187";"2925737000001";"4040-EXITO LA CENTRAL";"7701001040400";"E12159";"CONTRAMUSLO REFRIGERADO MARINADO S/I EXI"
"1519";"2925711";"CONSUMO  FLORESTA";"7709997425805";"E13032";"MENUDENCIA FINA CADENAS"
"1387";"2925727000004";"JUMBO LA 65";"7707185370234";"E12138";"MUSLO X6 JUMBO"
"1536";"2472340000008";"JUMBO LA 65";"7707185370234";"E12180";"ALA S/C X 8 REF S/M JUMBO"
"1412";"2925726000005";"JUMBO LA 65";"7707185370234";"E13013";"PATAS A GRANEL"
"1046";"2472344000004";"JUMBO LA 65";"7707185370234";"E12179";"CONTRAMUSLO X 6 REF S/M JUMBO"
"1448";"7700257641737";"JUMBO LA 65";"7707185370234";"E13034";"MENUDENCIA FINA REFIGERADA"
"1293";"2925712000002";"JUMBO LA 65";"7707185370234";"E12025";"AJIACO ESPECIAL"
"1497";"7700257209739";"JUMBO LA 65";"7707185370234";"E11043";"POLLO CV POLLOCOA 2.0 - 2.2"
"1391";"2925727000004";"JUMBO SANTA FE";"7707185371484";"E12138";"MUSLO X6 JUMBO"
"1416";"2925726000005";"JUMBO SANTA FE";"7707185371484";"E13013";"PATAS A GRANEL"
"1294";"2925712000002";"JUMBO SANTA FE";"7707185371484";"E12025";"AJIACO ESPECIAL"
"1047";"2472344000004";"JUMBO SANTA FE";"7707185371484";"E12179";"CONTRAMUSLO X 6 REF S/M JUMBO"
"1501";"7700257209739";"JUMBO SANTA FE";"7707185371484";"E11043";"POLLO CV POLLOCOA 2.0 - 2.2"
"1633";"7700257000015";"JUMBO SANTA FE";"7707185371484";"E11043";"POLLO CV POLLOCOA 2.0 - 2.2"
"1452";"7700257641737";"JUMBO SANTA FE";"7707185371484";"E13034";"MENUDENCIA FINA REFIGERADA"
"1049";"2472344000004";"JUMBO PREMIUM PLAZA";"7707185370241";"E12179";"CONTRAMUSLO X 6 REF S/M JUMBO"
"1414";"2925726000005";"JUMBO PREMIUM PLAZA";"7707185370241";"E13013";"PATAS A GRANEL"
"1389";"2925727000004";"JUMBO PREMIUM PLAZA";"7707185370241";"E12138";"MUSLO X6 JUMBO"
"1450";"7700257641737";"JUMBO PREMIUM PLAZA";"7707185370241";"E13034";"MENUDENCIA FINA REFIGERADA"
"1295";"2925712000002";"JUMBO PREMIUM PLAZA";"7707185370241";"E12025";"AJIACO ESPECIAL"
"1499";"7700257209739";"JUMBO PREMIUM PLAZA";"7707185370241";"E11043";"POLLO CV POLLOCOA 2.0 - 2.2"
"1034";"2472340000008";"JUMBO LAS VEGAS";"7707185370227";"E12180";"ALA S/C X 8 REF S/M JUMBO"
"1413";"2925726000005";"JUMBO LAS VEGAS";"7707185370227";"E13013";"PATAS A GRANEL"
"1388";"2925727000004";"JUMBO LAS VEGAS";"7707185370227";"E12138";"MUSLO X6 JUMBO"
"1449";"7700257641737";"JUMBO LAS VEGAS";"7707185370227";"E13034";"MENUDENCIA FINA REFIGERADA"
"1299";"2925712000002";"JUMBO LAS VEGAS";"7707185370227";"E12025";"AJIACO ESPECIAL"
"1498";"7700257209739";"JUMBO LAS VEGAS";"7707185370227";"E11043";"POLLO CV POLLOCOA 2.0 - 2.2"
"1039";"2472340000008";"JUMBO RIONEGRO";"7707185370272";"E12180";"ALA S/C X 8 REF S/M JUMBO"
"1390";"2925727000004";"JUMBO RIONEGRO";"7707185370272";"E12138";"MUSLO X6 JUMBO"
"1451";"7700257641737";"JUMBO RIONEGRO";"7707185370272";"E13034";"MENUDENCIA FINA REFIGERADA"
"1298";"2925712000002";"JUMBO RIONEGRO";"7707185370272";"E12025";"AJIACO ESPECIAL"
"1500";"7700257209739";"JUMBO RIONEGRO";"7707185370272";"E11043";"POLLO CV POLLOCOA 2.0 - 2.2"
"1632";"7700257000015";"JUMBO RIONEGRO";"7707185370272";"E11043";"POLLO CV POLLOCOA 2.0 - 2.2"
"1418";"2925726000005";"METRO ITAGUI";"7707185370463";"E13013";"PATAS A GRANEL"
"1203";"2472478000000";"METRO ITAGUI";"7707185370463";"E11045";"POLLO ENTERO S/V REF MAR COMPENSADO JUMB"
"1297";"2925712000002";"METRO ITAGUI";"7707185370463";"E12025";"AJIACO ESPECIAL"
"1168";"2472479000009";"METRO ITAGUI";"7707185370463";"E12203";"ALA C/C REF MAR COMPENSADA JUMBO"
"1166";"2472477000001";"METRO ITAGUI";"7707185370463";"E12201";"PECHUGA REF MAR COMPENSADA JUMBO"
"1164";"472478000000";"METRO ITAGUI";"7707185370463";"E11045";"POLLO ENTERO S/V REF MAR COMPENSADO JUMB"
"1170";"2472480000005";"METRO ITAGUI";"7707185370463";"E12202";"PERNIL REF MAR COMPENSADA JUMBO"
"1504";"7700257209739";"METRO ITAGUI";"7707185370463";"E11043";"POLLO CV POLLOCOA 2.0 - 2.2"
"1043";"2472340000008";"METRO BELLO";"7707185370258";"E12180";"ALA S/C X 8 REF S/M JUMBO"
"1417";"2925726000005";"METRO BELLO";"7707185370258";"E13013";"PATAS A GRANEL"
"1167";"2472477000001";"METRO BELLO";"7707185370258";"E12201";"PECHUGA REF MAR COMPENSADA JUMBO"
"1165";"2472478000000";"METRO BELLO";"7707185370258";"E11045";"POLLO ENTERO S/V REF MAR COMPENSADO JUMB"
"1169";"2472479000009";"METRO BELLO";"7707185370258";"E12203";"ALA C/C REF MAR COMPENSADA JUMBO"
"1171";"2472480000005";"METRO BELLO";"7707185370258";"E12202";"PERNIL REF MAR COMPENSADA JUMBO"
"1296";"2925712000002";"METRO BELLO";"7707185370258";"E12025";"AJIACO ESPECIAL"
"1502";"7700257209739";"METRO BELLO";"7707185370258";"E11043";"POLLO CV POLLOCOA 2.0 - 2.2"
"1454";"7700257641737";"METRO FATELARES";"7707185378063";"E13034";"MENUDENCIA FINA REFIGERADA"
"1428";"2472480000005";"METRO FATELARES";"7707185378063";"E12202";"PERNIL REF MAR COMPENSADA JUMBO"
"1426";"2472479000009";"METRO FATELARES";"7707185378063";"E12203";"ALA C/C REF MAR COMPENSADA JUMBO"
"1427";"2472477000001";"METRO FATELARES";"7707185378063";"E12201";"PECHUGA REF MAR COMPENSADA JUMBO"
"1503";"7700257209739";"METRO FATELARES";"7707185378063";"E11043";"POLLO CV POLLOCOA 2.0 - 2.2"
"1432";"2925712000002";"METRO FATELARES";"7707185378063";"E12025";"AJIACO ESPECIAL"
"1087";"2410357000000";"todos";"1";"E12185";"CONTRAMUSLO SIN PIEL X 12 REF S/M FAMILY"
"1410";"7700257740904";"todos";"1";"E12701";"MEDIO POLLO DESPRESADO 900GR UN"
"1125";"2936119000007";"todos";"1";"E12223";"CONTRAMUSLO X 6 REF M W"
"1157";"2925739000009";"todos";"1";"E12047";"POLLO COMPENSADO CORTE PERNIL"
"1334";"2925793";"todos";"1";"E12152";"CONTRAMUSLO SIN PIEL BANDEJA"
"1340";"1329";"todos";"1";"E12029";"PECHUGA INDIVIDUAL"
"1750";"7700257890555";"todos";"1";"E16038";"FILETE DE PECHUGA CAMPO X7"
"1746";"2496364000004";"todos";"1";"E16029";"ALAS C/C DE CAMPO REFRIGERADAS SM"
"1210";"7700257000732";"todos";"1";"E13029";"MENUDENCIA FINA BOLSA 450GR UND"
"1102";"2925761000008";"todos";"1";"E12211";"FILETE DE CONTRAMUSLO X 15 REF S/M W"
"1734";"2973280000009";"todos";"1";"E12157";"PECHUGA REFRIGERADA MARINADA S/I EXITO"
"1062";"2974159000007";"todos";"1";"E13013";"PATAS A GRANEL"
"1322";"000293612201";"todos";"1";"E12221";"FILETE 1/2 PECHU X 2 REF FINAS H VACIO W"
"1115";"2415796000000";"todos";"1";"E12223";"CONTRAMUSLO X 6 REF M W"
"1148";"2936134000006";"todos";"1";"E12231";"LOMITOS PECHUGA REF M AL VACIO W"
"1110";"2936135000005";"todos";"1";"E12217";"1/2 POLLO S/ALA,S/MOÑON, REF ADO VACIO W"
"1112";"2936136000004";"todos";"1";"E12219";"FILETE 1/2 PECHU X 2 REF S/M VACIO W"
"1127";"2415814000005";"todos";"1";"E12224";"FILETE PECHU X 2 REF M W"
"1325";"2936133000007";"todos";"1";"E12222";"ALITAS DE POLLO ADOB REF VACIO W"
"1309";"01580900";"todos";"1";"E12263";"POLLO COMPLETO DESPRESADO S/V 1.8 UND"
"1310";"7700257000749";"todos";"1";"E12263";"POLLO COMPLETO DESPRESADO S/V 1.8 UND"
"1291";"2219";"todos";"1";"E12683";"FILETE PECHUGA X 2 REF S/M ARO ESTANDAR"
"1242";"2925784";"todos";"1";"E12032";"PECHUGA PRESA SUELTA"
"1276";"2141";"todos";"1";"E12674";"CONTRAMUSLO CON PIEL R X 12 S/M ARO FAMI"
"1270";"2925707";"todos";"1";"E12010";"CONTRAMUSLOS MARINADOS BANDEJA"
"1360";"2413390000006";"todos";"1";"E12193";"COLOMBINA DE ALA  PRESA SULTA X 30 MAKRO"
"1611";"2936116000000";"todos";"1";"E12730";"CONTRAMUSLO C/R PRESA SUELTA X 3"
"1266";"2925771";"todos";"1";"E12117";"PECHUGA X 1 BANDEJA"
"1273";"2925703";"todos";"1";"E12001";"PECHUGA X 2"
"1268";"2925724";"todos";"1";"E12031";"FILETE PECHUGA BANDEJA"
"1308";"2925767000002";"todos";"1";"E12229";"ALITAS DE POLLO PICANTES REF GRANEL W"
"1397";"2413400000002";"todos";"1";"E12200";"ALAS S/C X 20 PRESA SUELTA MAKRO"
"1398";"1340";"todos";"1";"E12200";"ALAS S/C X 20 PRESA SUELTA MAKRO"
"1411";"7700257326689";"todos";"1";"E13031";"MIX DE VISCERAS X 450GR"
"1339";"2413290000009";"todos";"1";"E12029";"PECHUGA INDIVIDUAL"
"1285";"2152";"todos";"1";"E12686";"PECHUGA SIN PIEL X2 REF S/M ARO ESTANDAR"
"1284";"2151";"todos";"1";"E12688";"PERNIL X 2 REF S/M ARO ESTANDAR"
"1283";"2150";"todos";"1";"E12682";"CONTRAMUSLO X 6 REF S/M ARO ESTANDAR"
"1472";"7700257462493";"todos";"1";"E14066";"TROZOS DE PECHUGA APANADOS 500 GR UND"
"1341";"2413320000003";"todos";"1";"E12196";"LOMITOS DE PECHUGA PRESA SUELTA MAKRO"
"1342";"1332";"todos";"1";"E12196";"LOMITOS DE PECHUGA PRESA SUELTA MAKRO"
"1528";"2487292000006";"todos";"1";"E12151";"PECHUGA SIN PIEL BANDEJA"
"1343";"2413350000000";"todos";"1";"E12198";"FILETE DE PECHUGA X 15 MAKRO"
"1344";"1335";"todos";"1";"E12198";"FILETE DE PECHUGA X 15 MAKRO"
"1345";"2413360000009";"todos";"1";"E12199";"FILETE DE PECHUGA X 10 MAKRO"
"1347";"2413370000008";"todos";"1";"E12192";"CONTRAMUSLO PRESA SUELTA X 15 MAKRO"
"1348";"1337";"todos";"1";"E12192";"CONTRAMUSLO PRESA SUELTA X 15 MAKRO"
"1464";"7700257500218";"todos";"1";"E14040";"ALITAS DE POLLO ADOB MIEL MOSTAZA UND"
"1409";"7700257569505";"todos";"1";"E12702";"TROZOS DE PERNIL 900GR UND"
"1351";"1341";"todos";"1";"E12194";"MUSLO PRESA SUELTA X 15 MAKRO"
"1280";"2146";"todos";"1";"E12672";"ALA S/C X 20 REF S/M ARO FAMILIAR"
"1281";"2148";"todos";"1";"E12687";"PECHUGA X 2 REF S/M ARO ESTANDAR"
"1277";"2142";"todos";"1";"E12677";"MUSLO CON PIEL REF X12 S/M ARO FAMI"
"1278";"2143";"todos";"1";"E12675";"FILETE 1/2 PECHUGA X 10 REF S/M ARO FAMI"
"1279";"2145";"todos";"1";"E12676";"MUSLO SIN PIEL X 12 REF S/M ARO FAMI"
"1259";"2925705";"todos";"1";"E12006";"MUSLO X 6"
"1257";"1326";"todos";"1";"E12038";"PERNIL INDIVIDUAL"
"1282";"2149";"todos";"1";"E12684";"MUSLO CON PIEL X 5 REF S/M ARO ESTANDAR"
"1475";"7700257000725";"todos";"1";"E14038";"CHUZO X 3 POLLOCOA 570 GR UND"
"1473";"7700257144832";"todos";"1";"E14065";"FILETE DE PECHUGA APANADO 500 GR UND"
"1474";"7709352690985";"todos";"1";"E12702";"TROZOS DE PERNIL 900GR UND"
"1353";"2413440000008";"todos";"1";"E12195";"MUSLO PRESA SUELTA X 10 MAKRO"
"1459";"2925711";"todos";"1";"E13032";"MENUDENCIA FINA CADENAS"
"1534";"2925702";"todos";"1";"E11018";"POLLO ASADERO 1.8 - 2.0"
"1337";"90833";"todos";"1";"E14001";"CHUZO X 10 POLLOCOA UND"
"1303";"2936142";"todos";"1";"E12667";"PECHUGA SIN PIEL R X 4 S/M FAMI EU"
"1302";"2936140";"todos";"1";"E12265";"FILETE 1/2 PECHUGA REF S/M FAMI EU"
"1301";"2936139";"todos";"1";"E12264";"CONTRAMUSLO SIN PIEL R X 12 S/M FAMI EU"
"1738";"7706371000078";"todos";"1";"E12029";"PECHUGA INDIVIDUAL"
"1745";"2496362000006";"todos";"1";"E12139";"PERNIL CON RABADILLA DE CAMPO S/M"
"1530";"29257065";"todos";"1";"E12007";"SUPERMUSLOS"
"1541";"2925731000007";"todos";"1";"E13006";"CUELLOS REFRIGERADOS"
"1715";"2925774000002";"todos";"1";"E12160";"ALA C/C REFRIGERADA MARINADA S/I EXITO"
"1714";"2438744000006";"todos";"1";"E12128";"ALA C/C REFRIGERADA MARINADA"
"1764";"2936164000007";"todos";"1";"E11044";"POLLO CV FRESCAMPO UND"
"1563";"2495395000007";"todos";"1";"E12150";"PECHUGAS X 2 FRESCAMPO"
"1564";"2495394000008";"todos";"1";"E12085";"FILETE BANDEJA FRESCAMPO"
"1570";"2925702000005";"todos";"1";"E12258";"CONTRAMUSLO SIN PIEL REF S/M A GRANEL"
"1571";"2925744000001";"todos";"1";"E12259";"MUSLO SIN PIEL REF S/M A GRANEL"
"1572";"7701001926919";"todos";"1";"E12086";"MUSLO X 5 FRESCAMPO UND"
"1573";"2495396000006";"todos";"1";"E12130";"CONTRAMUSLO X 6 FRESCAMPO"
"1574";"7701001975306";"todos";"1";"E14008";"CHUZO X 3 FRESCAMPO UND"
"1575";"2495397000005";"todos";"1";"E12146";"ALAS  X 3 FRESCAMPO"
"1710";"2925723000008";"todos";"1";"E13004";"CORAZON BOLSA"
"1712";"2973200000003";"todos";"1";"E13040";"HIGADO BOLSA S/I"
"1713";"2974187000000";"todos";"1";"E13041";"PATAS A GRANEL S/I"
"1592";"7700257000237";"todos";"1";"E12055";"FILETE DE PECHUGA X 5 UND"
"1593";"2936171000007";"todos";"1";"E12724";"MUSLO PRESA SUELTA X 5"
"1594";"2936127000006";"todos";"1";"E12729";"CONTRAMUSLO PRESA SUELTA X 4"
"1595";"7700257284828";"todos";"1";"E14069";"CHUZO X 5 UND"
"1756";"2936172000006";"todos";"1";"E14006";"POLLO DE CAMPO AL VACIO - BARRIL"
"1717";"2953050000002";"todos";"1";"E12738";"PECHUGA POLLO DE CAMPO INDIVIDUAL"
"1668";"2936174000004";"todos";"1";"E12737";"PERNIL C/R POLLO DE CAMPO INDIVIDUAL"
"1741";"2496361000007";"todos";"1";"E12072";"PECHUGA DE CAMPO REFRIGERADA SIN MARINAR"
"1742";"2496366000002";"todos";"1";"E12073";"PERNIL SIN RABADILLA DE CAMPO S/M"
"1751";"2936196000006";"todos";"1";"E12046";"MEDIO POLLO DE CAMPO"
"1739";"2925778000008";"todos";"1";"E12029";"PECHUGA INDIVIDUAL"
"1740";"2936113000003";"todos";"1";"E13033";"PATAS CONGELADAS BOLSA"
"1729";"7700257404806";"todos";"1";"14062";"CARNE MOLIDA CONDIMENTADA ESTANDAR X 500"
"1716";"2911108000008";"todos";"1";"E11058";"POLLO ENTERO REFRIGERADO DE CAMPO S/M"
"1732";"2953006000001";"todos";"1";"E12077";"PECHUGA DE CAMPO MAR REF A GRANEL"
"1333";"7700257000305";"EURO ARKADIA";"7708900994902";"E14003";"ALITAS DE POLLO ADOBADAS BBQ UND"
"972";"7700257000572";"EURO ARKADIA";"7708900994902";"14019       ";"LOMO CON CHAMPINONES X 850"
"973";"7700257000701";"EURO ARKADIA";"7708900994902";"14036       ";"LOMO DE PECHUGA"
"974";"7700257000565";"EURO ARKADIA";"7708900994902";"14018       ";"LOMO NAVIDENO"
"1327";"7700257000305";"EURO PALMA GRANDE";"7709997421777";"E14003";"ALITAS DE POLLO ADOBADAS BBQ UND"
"1331";"2925794000006";"EURO PALMA GRANDE";"7709997421777";"E12151";"PECHUGA SIN PIEL BANDEJA"
"1326";"7700257000305";"EURO FRONTERA";"7709990828672";"E14003";"ALITAS DE POLLO ADOBADAS BBQ UND"
"1329";"2925794000006";"EURO FRONTERA";"7709990828672";"E12151";"PECHUGA SIN PIEL BANDEJA"
"1328";"7700257000305";"EURO SABANETA";"7709997693075";"E14003";"ALITAS DE POLLO ADOBADAS BBQ UND"
"1332";"2925794000006";"EURO SABANETA";"7709997693075";"E12151";"PECHUGA SIN PIEL BANDEJA"
"1433";"7700257000015";"EURO MURANO";"7709090340234";"E11043";"POLLO CV POLLOCOA 2.0 - 2.2"
"1435";"7700257000015";"EURO BARBOSA";"7709997401175";"E11043";"POLLO CV POLLOCOA 2.0 - 2.2"
"1149";"2925717000007";"030-EXITO BELLO";"7701001003009";"E12028";"PERNIL EXITO REFRIGERADO"
"1151";"2925717000007";"039-EXITO SAN ANTONIO";"7701001003900";"E12028";"PERNIL EXITO REFRIGERADO"
"1468";"2973206000007";"039-EXITO SAN ANTONIO";"7701001003900";"E12158";"MUSLO REFRIGERADO MARINADO S/I EXITO"
"1467";"2973280000009";"039-EXITO SAN ANTONIO";"7701001003900";"E12157";"PECHUGA REFRIGERADA MARINADA S/I EXITO"
"1623";"2925737000001";"031-EXITO COLOMBIA";"7701001003108";"E12159";"CONTRAMUSLO REFRIGERADO MARINADO S/I EXI"
"1622";"2973206000007";"031-EXITO COLOMBIA";"7701001003108";"E12158";"MUSLO REFRIGERADO MARINADO S/I EXITO"
"1628";"2973280000009";"031-EXITO COLOMBIA";"7701001003108";"E12157";"PECHUGA REFRIGERADA MARINADA S/I EXITO"
"1156";"2925717000007";"037-EXITO LAURELES";"7701001003702";"E12028";"PERNIL EXITO REFRIGERADO"
"1469";"2487292000006";"040-EXITO ITAGUI";"7701001004006";"E12151";"PECHUGA SIN PIEL BANDEJA"
"1616";"2973206000007";"275-EXITO BELLO CENTRO";"7701001027500";"E12158";"MUSLO REFRIGERADO MARINADO S/I EXITO"
"1617";"2973280000009";"275-EXITO BELLO CENTRO";"7701001027500";"E12157";"PECHUGA REFRIGERADA MARINADA S/I EXITO"
"1618";"2925737000001";"275-EXITO BELLO CENTRO";"7701001027500";"E12159";"CONTRAMUSLO REFRIGERADO MARINADO S/I EXI"
"1531";"2925737000001";"502-EXITO BELEN";"7701001050201";"E12159";"CONTRAMUSLO REFRIGERADO MARINADO S/I EXI"
"1533";"2973206000007";"502-EXITO BELEN";"7701001050201";"E12158";"MUSLO REFRIGERADO MARINADO S/I EXITO"
"1665";"2925737000001";"045-EXITO APARTADO C.B.";"7701001004501";"E12159";"CONTRAMUSLO REFRIGERADO MARINADO S/I EXI"
"1666";"2973280000009";"045-EXITO APARTADO C.B.";"7701001004501";"E12157";"PECHUGA REFRIGERADA MARINADA S/I EXITO"
"1667";"2973206000007";"045-EXITO APARTADO C.B.";"7701001004501";"E12158";"MUSLO REFRIGERADO MARINADO S/I EXITO"
"1652";"2925737000001";"098-EXITO ROBLEDO";"7701001009803";"E12159";"CONTRAMUSLO REFRIGERADO MARINADO S/I EXI"
"1654";"2973206000007";"098-EXITO ROBLEDO";"7701001009803";"E12158";"MUSLO REFRIGERADO MARINADO S/I EXITO"
"1694";"2973280000009";"043-EXITO SINCELEJO C.B.";"7701001004303";"E12157";"PECHUGA REFRIGERADA MARINADA S/I EXITO"
"1695";"2973206000007";"043-EXITO SINCELEJO C.B.";"7701001004303";"E12158";"MUSLO REFRIGERADO MARINADO S/I EXITO"
"1697";"2925737000001";"043-EXITO SINCELEJO C.B.";"7701001004303";"E12159";"CONTRAMUSLO REFRIGERADO MARINADO S/I EXI"
"1674";"2973280000009";"262-EXITO MONTERIA NORTE C.B";"7701001026206";"E12157";"PECHUGA REFRIGERADA MARINADA S/I EXITO"
"1691";"2925737000001";"262-EXITO MONTERIA NORTE C.B";"7701001026206";"E12159";"CONTRAMUSLO REFRIGERADO MARINADO S/I EXI"
"1692";"2973206000007";"262-EXITO MONTERIA NORTE C.B";"7701001026206";"E12158";"MUSLO REFRIGERADO MARINADO S/I EXITO"
"1660";"2973280000009";"264-EXITO SINCELEJO CENTRO C.B.";"7701001026404";"E12157";"PECHUGA REFRIGERADA MARINADA S/I EXITO"
"1661";"2973206000007";"264-EXITO SINCELEJO CENTRO C.B.";"7701001026404";"E12158";"MUSLO REFRIGERADO MARINADO S/I EXITO"
"1690";"2925737000001";"264-EXITO SINCELEJO CENTRO C.B.";"7701001026404";"E12159";"CONTRAMUSLO REFRIGERADO MARINADO S/I EXI"
"1669";"2973206000007";"357-EXITO ALAMEDAS DEL SINU MONTERIA C.B";"7701001357003";"E12158";"MUSLO REFRIGERADO MARINADO S/I EXITO"
"1686";"2925737000001";"357-EXITO ALAMEDAS DEL SINU MONTERIA C.B";"7701001357003";"E12159";"CONTRAMUSLO REFRIGERADO MARINADO S/I EXI"
"1687";"2973280000009";"357-EXITO ALAMEDAS DEL SINU MONTERIA C.B";"7701001357003";"E12157";"PECHUGA REFRIGERADA MARINADA S/I EXITO"
"1044";"29720304000001";"013-EXITO CENTRO BARRANQUILLA";"7701001130002";"E12034";"MUSLO REFRIGERADO"
"1552";"2438804000007";"265-EXITO CAUCASIA C.B";"7701001265001";"E12132";"RABADILLA REFRIGERADA SM"
"1676";"2925737000001";"265-EXITO CAUCASIA C.B";"7701001265001";"E12159";"CONTRAMUSLO REFRIGERADO MARINADO S/I EXI"
"1678";"2973206000007";"265-EXITO CAUCASIA C.B";"7701001265001";"E12158";"MUSLO REFRIGERADO MARINADO S/I EXITO"
"1132";"2949596000002";"347-EXITO SAN IGNACIO";"7701001034706";"E12002";"PECHUGA REFRIGERADA"
"1726";"2973280000009";"341-CARULLA SAO PAULO";"7701001034102";"E12157";"PECHUGA REFRIGERADA MARINADA S/I EXITO"
"1728";"2973206000007";"341-CARULLA SAO PAULO";"7701001034102";"E12158";"MUSLO REFRIGERADO MARINADO S/I EXITO"
"1723";"2973206000007";"552-CARULLA VISITACION";"7701001552002";"E12158";"MUSLO REFRIGERADO MARINADO S/I EXITO"
"1722";"2973280000009";"552-CARULLA VISITACION";"7701001552002";"E12157";"PECHUGA REFRIGERADA MARINADA S/I EXITO"
"1721";"2925737000001";"552-CARULLA VISITACION";"7701001552002";"E12159";"CONTRAMUSLO REFRIGERADO MARINADO S/I EXI"
"1136";"2949596000002";"346-EXITO PRADO";"7701001034607";"E12002";"PECHUGA REFRIGERADA"
"1606";"2973280000009";"338-CARULLA OVIEDO";"7701001033808";"E12157";"PECHUGA REFRIGERADA MARINADA S/I EXITO"
"1638";"2925737000001";"338-CARULLA OVIEDO";"7701001033808";"E12159";"CONTRAMUSLO REFRIGERADO MARINADO S/I EXI"
"1639";"2973206000007";"338-CARULLA OVIEDO";"7701001033808";"E12158";"MUSLO REFRIGERADO MARINADO S/I EXITO"
"1640";"2925796000004";"338-CARULLA OVIEDO";"7701001033808";"E12262";"PECHUGA SIN PIEL X 4 REF M W"
"1641";"2936166000005";"338-CARULLA OVIEDO";"7701001033808";"E12261";"MUSLO X 12 SIN PIEL REF M W"
"1642";"2925766000003";"338-CARULLA OVIEDO";"7701001033808";"E12290";"FILETE DE CONTRAMUSLO X 15 REF M W"
"1644";"2925775000001";"338-CARULLA OVIEDO";"7701001033808";"E12260";"FILETE 1/2 PECHU X 10 REF M W"
"1724";"2925737000001";"633-CARULLA CITY PLAZA";"7701001633008";"E12159";"CONTRAMUSLO REFRIGERADO MARINADO S/I EXI"
"1486";"2973206000007";"507-SURTIMAX PARQUE BELEN";"7701001507002";"E12158";"MUSLO REFRIGERADO MARINADO S/I EXITO"
"1696";"2925737000001";"507-SURTIMAX PARQUE BELEN";"7701001507002";"E12159";"CONTRAMUSLO REFRIGERADO MARINADO S/I EXI"
"1138";"2949596000002";"073-EXITO ARANJUEZ";"7701001007304";"E12002";"PECHUGA REFRIGERADA"
"1698";"2925737000001";"726-CARULLA TESORO";"7701001072609";"E12159";"CONTRAMUSLO REFRIGERADO MARINADO S/I EXI"
"1699";"2973280000009";"726-CARULLA TESORO";"7701001072609";"E12157";"PECHUGA REFRIGERADA MARINADA S/I EXITO"
"1700";"2973206000007";"726-CARULLA TESORO";"7701001072609";"E12158";"MUSLO REFRIGERADO MARINADO S/I EXITO"
"1489";"2973206000007";"613-SURTIMAX GARDEL";"7701001613000";"E12158";"MUSLO REFRIGERADO MARINADO S/I EXITO"
"1490";"2925737000001";"613-SURTIMAX GARDEL";"7701001613000";"E12159";"CONTRAMUSLO REFRIGERADO MARINADO S/I EXI"
"1526";"2925737000001";"485-SURTIMAX VILLA HERMOSA";"7701001048505";"E12159";"CONTRAMUSLO REFRIGERADO MARINADO S/I EXI"
"1673";"2973280000009";"176-EXITO CAREPA C.B.";"7701001017600";"E12157";"PECHUGA REFRIGERADA MARINADA S/I EXITO"
"1675";"2925737000001";"176-EXITO CAREPA C.B.";"7701001017600";"E12159";"CONTRAMUSLO REFRIGERADO MARINADO S/I EXI"
"1677";"2973206000007";"176-EXITO CAREPA C.B.";"7701001017600";"E12158";"MUSLO REFRIGERADO MARINADO S/I EXITO"
"1682";"2973280000009";"177-EXITO TURBO C.B.";"7701001017709";"E12157";"PECHUGA REFRIGERADA MARINADA S/I EXITO"
"1683";"2973206000007";"177-EXITO TURBO C.B.";"7701001017709";"E12158";"MUSLO REFRIGERADO MARINADO S/I EXITO"
"1521";"2973206000007";"333-SURTIMAX LA CEJA";"7701001033303";"E12158";"MUSLO REFRIGERADO MARINADO S/I EXITO"
"1522";"2925737000001";"333-SURTIMAX LA CEJA";"7701001033303";"E12159";"CONTRAMUSLO REFRIGERADO MARINADO S/I EXI"
"1544";"2973280000009";"759-SURTIMAX AMAGA";"7701001759005";"E12157";"PECHUGA REFRIGERADA MARINADA S/I EXITO"
"1543";"2925737000001";"759-SURTIMAX AMAGA";"7701001759005";"E12159";"CONTRAMUSLO REFRIGERADO MARINADO S/I EXI"
"1545";"2973206000007";"759-SURTIMAX AMAGA";"7701001759005";"E12158";"MUSLO REFRIGERADO MARINADO S/I EXITO"
"1463";"2973206000007";"627-SURTIMAX SAN PEDRO";"7701001062709";"E12158";"MUSLO REFRIGERADO MARINADO S/I EXITO"
"1720";"2925737000001";"725-CARULLA POBLADO";"7701001072500";"E12159";"CONTRAMUSLO REFRIGERADO MARINADO S/I EXI"
"1719";"2973206000007";"725-CARULLA POBLADO";"7701001072500";"E12158";"MUSLO REFRIGERADO MARINADO S/I EXITO"
"1718";"2973280000009";"725-CARULLA POBLADO";"7701001072500";"E12157";"PECHUGA REFRIGERADA MARINADA S/I EXITO"
"1143";"2972020000002";"728-CARULLA SAN LUCAS";"7701001072807";"E12002";"PECHUGA REFRIGERADA"
"1706";"2925737000001";"728-CARULLA SAN LUCAS";"7701001072807";"E12159";"CONTRAMUSLO REFRIGERADO MARINADO S/I EXI"
"1707";"2973280000009";"728-CARULLA SAN LUCAS";"7701001072807";"E12157";"PECHUGA REFRIGERADA MARINADA S/I EXITO"
"1708";"2973206000007";"728-CARULLA SAN LUCAS";"7701001072807";"E12158";"MUSLO REFRIGERADO MARINADO S/I EXITO"
"1662";"2973280000009";"068-EXITO TOLU C.B.";"7701001006802";"E12157";"PECHUGA REFRIGERADA MARINADA S/I EXITO"
"1663";"2925737000001";"068-EXITO TOLU C.B.";"7701001006802";"E12159";"CONTRAMUSLO REFRIGERADO MARINADO S/I EXI"
"1685";"2973206000007";"068-EXITO TOLU C.B.";"7701001006802";"E12158";"MUSLO REFRIGERADO MARINADO S/I EXITO"
"1040";"2990102000009";"746-SURTIMAX CAUCASIA C.B.";"7701001746005";"E13003";"MOLLEJA BOLSA"
"1647";"2973280000009";"075-EXITO MAYORCA";"7701001007502";"E12157";"PECHUGA REFRIGERADA MARINADA S/I EXITO"
"1649";"2925737000001";"075-EXITO MAYORCA";"7701001007502";"E12159";"CONTRAMUSLO REFRIGERADO MARINADO S/I EXI"
"1650";"2973206000007";"075-EXITO MAYORCA";"7701001007502";"E12158";"MUSLO REFRIGERADO MARINADO S/I EXITO"
"1607";"2925751000001";"055-CEDI CALIMA";"7701001113500";"E12727";"CHULETA DE PECHUGA PRESA SUELTA"
"1608";"2936116000000";"055-CEDI CALIMA";"7701001113500";"E12730";"CONTRAMUSLO C/R PRESA SUELTA X 3"
"1625";"2973280000009";"4033-EXITO LORICA C.B.";"7701001403304";"E12157";"PECHUGA REFRIGERADA MARINADA S/I EXITO"
"1626";"2925737000001";"4033-EXITO LORICA C.B.";"7701001403304";"E12159";"CONTRAMUSLO REFRIGERADO MARINADO S/I EXI"
"1627";"2973206000007";"4033-EXITO LORICA C.B.";"7701001403304";"E12158";"MUSLO REFRIGERADO MARINADO S/I EXITO"
"1609";"2936116000000";"138-PLATAFORMA PEREIRA";"7701001013800";"E12730";"CONTRAMUSLO C/R PRESA SUELTA X 3"
"1610";"2925751000001";"138-PLATAFORMA PEREIRA";"7701001013800";"E12727";"CHULETA DE PECHUGA PRESA SUELTA"
"1659";"2973206000007";"4028-EXITO PLAZA 77 SUR";"7701001040288";"E12158";"MUSLO REFRIGERADO MARINADO S/I EXITO"
"1480";"2936155000009";"4051-EXITO PLAZA FABRICATO";"7701001405100";"E12227";"FILETE PECHU REF  FINAS HIERBAS GRANEL W"
"1481";"2973280000009";"4051-EXITO PLAZA FABRICATO";"7701001405100";"E12157";"PECHUGA REFRIGERADA MARINADA S/I EXITO"
"1483";"2925737000001";"4051-EXITO PLAZA FABRICATO";"7701001405100";"E12159";"CONTRAMUSLO REFRIGERADO MARINADO S/I EXI"
"1484";"2973206000007";"4051-EXITO PLAZA FABRICATO";"7701001405100";"E12158";"MUSLO REFRIGERADO MARINADO S/I EXITO"
"1485";"2925794000006";"4051-EXITO PLAZA FABRICATO";"7701001405100";"E12228";"FILETE CONTRAMUSLO"
"1478";"2925737000001";"745-BOD SURTIMAX TRIANON";"7701001007458";"E12159";"CONTRAMUSLO REFRIGERADO MARINADO S/I EXI"
"1477";"2973206000007";"745-BOD SURTIMAX TRIANON";"7701001007458";"E12158";"MUSLO REFRIGERADO MARINADO S/I EXITO"
"1476";"2973280000009";"745-BOD SURTIMAX TRIANON";"7701001007458";"E12157";"PECHUGA REFRIGERADA MARINADA S/I EXITO"
"1620";"2925737000001";"4831-CARULLA EXPRESS COSTA AZUL C.B";"7701001048314";"E12159";"CONTRAMUSLO REFRIGERADO MARINADO S/I EXI"
"1566";"2973280000009";"4559-SURTIMAX GUATAPE";"7701001045597";"E12157";"PECHUGA REFRIGERADA MARINADA S/I EXITO"
"1567";"2925737000001";"4559-SURTIMAX GUATAPE";"7701001045597";"E12159";"CONTRAMUSLO REFRIGERADO MARINADO S/I EXI"
"1568";"2973206000007";"4559-SURTIMAX GUATAPE";"7701001045597";"E12158";"MUSLO REFRIGERADO MARINADO S/I EXITO"
"1577";"2925737000001";"4541- SURTIMAX VILLA PAULA";"7701001045412";"E12159";"CONTRAMUSLO REFRIGERADO MARINADO S/I EXI"
"1578";"2973280000009";"4541- SURTIMAX VILLA PAULA";"7701001045412";"E12157";"PECHUGA REFRIGERADA MARINADA S/I EXITO"
"1580";"2973206000007";"4541- SURTIMAX VILLA PAULA";"7701001045412";"E12158";"MUSLO REFRIGERADO MARINADO S/I EXITO"
"1558";"2973280000009";"4557-SURTIMAX PILARICA";"7701001045573";"E12157";"PECHUGA REFRIGERADA MARINADA S/I EXITO"
"1561";"2973206000007";"4557-SURTIMAX PILARICA";"7701001045573";"E12158";"MUSLO REFRIGERADO MARINADO S/I EXITO"
"1562";"2925737000001";"4557-SURTIMAX PILARICA";"7701001045573";"E12159";"CONTRAMUSLO REFRIGERADO MARINADO S/I EXI"
"1584";"2925703000004";"8650-FRANQ CARULLA EXP MONTE SERENO";"7701001186504";"E12001";"PECHUGA X 2"
"1585";"2925707000000";"8650-FRANQ CARULLA EXP MONTE SERENO";"7701001186504";"E12010";"CONTRAMUSLOS MARINADOS BANDEJA"
"1586";"2495394000008";"8611-FRANQUICIA STMAX BELEN RINCON";"7701001086118";"E12085";"FILETE BANDEJA FRESCAMPO"
"1587";"7701001975306";"8611-FRANQUICIA STMAX BELEN RINCON";"7701001086118";"E14008";"CHUZO X 3 FRESCAMPO UND"
"1588";"7700257000695";"8611-FRANQUICIA STMAX BELEN RINCON";"7701001086118";"E12086";"MUSLO X 5 FRESCAMPO UND"
"1589";"7700257000220";"8611-FRANQUICIA STMAX BELEN RINCON";"7701001086118";"E12209";"FILETE DE PECHUGA X 10 UND"
"1605";"2973280000009";"4381-SURTIMAX CAMINO VERDE";"7701001043814";"E12157";"PECHUGA REFRIGERADA MARINADA S/I EXITO"
"1597";"2973280000009";"4067- EXITO SAN JAVIER";"7701001040677";"E12157";"PECHUGA REFRIGERADA MARINADA S/I EXITO"
"1598";"2925737000001";"4067- EXITO SAN JAVIER";"7701001040677";"E12159";"CONTRAMUSLO REFRIGERADO MARINADO S/I EXI"
"1599";"2973206000007";"4067- EXITO SAN JAVIER";"7701001040677";"E12158";"MUSLO REFRIGERADO MARINADO S/I EXITO"
"1602";"2973280000009";"4065-EXITO SAN PEDRO DE LOS MILAGROS";"7701001040653";"E12157";"PECHUGA REFRIGERADA MARINADA S/I EXITO"
"1603";"2925737000001";"4065-EXITO SAN PEDRO DE LOS MILAGROS";"7701001040653";"E12159";"CONTRAMUSLO REFRIGERADO MARINADO S/I EXI"
"1604";"2973206000007";"4065-EXITO SAN PEDRO DE LOS MILAGROS";"7701001040653";"E12158";"MUSLO REFRIGERADO MARINADO S/I EXITO"
"1624";"2936116000000";"4304-SUPER INTER VILLA MARIA";"7701001430409";"E12730";"CONTRAMUSLO C/R PRESA SUELTA X 3"
"1656";"2925737000001";"4070-EXITO GARDEL";"7701001040707";"E12159";"CONTRAMUSLO REFRIGERADO MARINADO S/I EXI"
"1657";"2973280000009";"4070-EXITO GARDEL";"7701001040707";"E12157";"PECHUGA REFRIGERADA MARINADA S/I EXITO"
"1658";"2973206000007";"4070-EXITO GARDEL";"7701001040707";"E12158";"MUSLO REFRIGERADO MARINADO S/I EXITO"
"1701";"2973280000009";"4072 - EXITO PUERTO BERRIO C.B";"7701001040721";"E12157";"PECHUGA REFRIGERADA MARINADA S/I EXITO"
"1702";"2925737000001";"4072 - EXITO PUERTO BERRIO C.B";"7701001040721";"E12159";"CONTRAMUSLO REFRIGERADO MARINADO S/I EXI"
"1704";"2973206000007";"4072 - EXITO PUERTO BERRIO C.B";"7701001040721";"E12158";"MUSLO REFRIGERADO MARINADO S/I EXITO"
"1630";"7700257000015";"JUMBO LA 65";"7707185370234";"E11043";"POLLO CV POLLOCOA 2.0 - 2.2"
"1041";"2472340000008";"JUMBO SANTA FE";"7707185371484";"E12180";"ALA S/C X 8 REF S/M JUMBO"
"1631";"7700257000015";"JUMBO PREMIUM PLAZA";"7707185370241";"E11043";"POLLO CV POLLOCOA 2.0 - 2.2"
"1037";"2472340000008";"JUMBO PREMIUM PLAZA";"7707185370241";"E12180";"ALA S/C X 8 REF S/M JUMBO"
"1629";"7700257000015";"JUMBO LAS VEGAS";"7707185370227";"E11043";"POLLO CV POLLOCOA 2.0 - 2.2"
"1415";"2925726000005";"JUMBO RIONEGRO";"7707185370272";"E13013";"PATAS A GRANEL"
"1455";"7700257641737";"METRO ITAGUI";"7707185370463";"E13034";"MENUDENCIA FINA REFIGERADA"
"1045";"2472340000008";"METRO ITAGUI";"7707185370463";"E12180";"ALA S/C X 8 REF S/M JUMBO"
"1636";"7700257000015";"METRO ITAGUI";"7707185370463";"E11043";"POLLO CV POLLOCOA 2.0 - 2.2"
"1453";"7700257641737";"METRO BELLO";"7707185370258";"E13034";"MENUDENCIA FINA REFIGERADA"
"1634";"7700257000015";"METRO BELLO";"7707185370258";"E11043";"POLLO CV POLLOCOA 2.0 - 2.2"
"1429";"2472478000000";"METRO FATELARES";"7707185378063";"E11045";"POLLO ENTERO S/V REF MAR COMPENSADO JUMB"
"1635";"7700257000015";"METRO FATELARES";"7707185378063";"E11043";"POLLO CV POLLOCOA 2.0 - 2.2"
"900";"7700257000411";"MERKEPAISA SABANETA";"7709054057987";"14013       ";"CARNE MOLIDA CONDIMENTADA X 500"
"918";"7700257000701";"MERKEPAISA SABANETA";"7709054057987";"14036       ";"LOMO DE PECHUGA"

