codigoDep,gln,dependencia,cadena,zona
28,7701001002804,EXITO DEL ESTE,ALMACENES EXITO,Zona 0
30,7701001003009,EXITO BELLO,ALMACENES EXITO,Zona 0
31,7701001003108,EXITO COLOMBIA,ALMACENES EXITO,Zona 0
33,7701001003306,EXITO POBLADO,ALMACENES EXITO,Zona 0
35,7701001003504,EXITO ENVIGADO,ALMACENES EXITO,Zona 0
37,7701001003702,EXITO LAURELES,ALMACENES EXITO,Zona 0
39,7701001003900,EXITO SAN ANTONIO,ALMACENES EXITO,Zona 0
40,7701001004006,EXITO ITAGUI,ALMACENES EXITO,Zona 0
41,7701001004105,EXITO BARRANQUILLA,ALMACENES EXITO,Zona 0
42,7701001004204,EXITO RIONEGRO,ALMACENES EXITO,Zona 0
43,7701001004303,EXITO SINCELEJO,ALMACENES EXITO,Zona 0
44,7701001004402,EXITO CARTAGENA,ALMACENES EXITO,Zona 0
45,7701001004501,EXITO APARTADO,ALMACENES EXITO,Zona 0
46,7701001004600,EXITO OCANA,ALMACENES EXITO,Zona E
47,7701001004709,EXITO BARRANQUI.METROPOLITANO,ALMACENES EXITO,Zona 0
51,7701001005119,EXITO SAN FERNANDO,ALMACENES EXITO,Zona 0
53,7701001005300,EXITO SIMON BOLIVAR,ALMACENES EXITO,Zona 0
54,7701001005409,EXITO LA FLORA,ALMACENES EXITO,Zona 0
56,7701001005607,EXITO UNICALI,ALMACENES EXITO,Zona 0
58,7701001005805,EXITO PASTO,ALMACENES EXITO,Zona 0
62,7701001006208,EXITO PARQUE ARBOLEDA,ALMACENES EXITO,Zona 0
63,7701001006307,EXITO PEREIRA,ALMACENES EXITO,Zona 0
64,7701001006406,EXITO TULUA,ALMACENES EXITO,Zona 0
65,7701001006505,EXITO UNICENTRO ARMENIA,ALMACENES EXITO,Zona 0
67,7701001006703,EXITO BUENAVENTURA,ALMACENES EXITO,Zona 0
68,7701001006802,EXITO TOLU,ALMACENES EXITO,Zona 0
71,7701001007106,EXITO BUCARAMANGA,ALMACENES EXITO,Zona E
73,7701001007304,EXITO ARANJUEZ,ALMACENES EXITO,Zona 0
74,7701001007403,EXITO SAN JERONIMO,ALMACENES EXITO,Zona 0
75,7701001007502,EXITO MAYORCA,ALMACENES EXITO,Zona 0
79,7701001007908,EXITO VIVA TUNJA,ALMACENES EXITO,Zona E
81,7701001008103,EXITO COUNTRY,ALMACENES EXITO,Zona E
82,7701001008202,EXITO SAN MARTIN,ALMACENES EXITO,Zona E
83,7701001008301,EXITO VILLA MAYOR,ALMACENES EXITO,Zona E
84,7701001008417,EXITO AMERICAS,ALMACENES EXITO,Zona E
86,7701001008615,EXITO CALLE 80,ALMACENES EXITO,Zona E
87,7701001008707,EXITO EXPRESS HORIZONTES,EXITO EXPRESS,Zona EE
88,7701001008806,EXITO LA COLINA,ALMACENES EXITO,Zona E
89,7701001008905,EXITO FONTIBON,ALMACENES EXITO,Zona E
90,7701001009001,EXITO FACATATIVA,ALMACENES EXITO,Zona E
91,7701001009100,EXITO OCCIDENTE,ALMACENES EXITO,Zona E
92,7701001009216,EXITO NORTE,ALMACENES EXITO,Zona E
93,7701001009308,EXITO SUBA,ALMACENES EXITO,Zona E
94,7701001009407,EXITO CHAPINERO,ALMACENES EXITO,Zona E
95,7701001009506,EXITO SABANETA,ALMACENES EXITO,Zona 0
96,7701001009605,EXITO FUSAGASUGA,ALMACENES EXITO,Zona E
97,7701001009704,EXITO USME,ALMACENES EXITO,Zona E
98,7701001009803,EXITO ROBLEDO,ALMACENES EXITO,Zona 0
105,7701001010502,SURTIMAX DINDALITO,SURTIMAX,Zona S
110,7701001011004,EXITO EXPRESS EMBAJADA,EXITO EXPRESS,Zona EE
135,7701001135007,EXITO YOPAL,ALMACENES EXITO,Zona E
156,7701001015606,EXITO IBAGUE,ALMACENES EXITO,Zona E
157,7701001015705,EXITO SAN PEDRO NEIVA,ALMACENES EXITO,Zona E
158,7701001015804,EXITO ZIPAQUIRA,ALMACENES EXITO,Zona E
159,7701001015903,EXITO LA SABANA VILLAVICENCIO,ALMACENES EXITO,Zona E
165,7701001016504,SURTIMAX RIONEGRO,SURTIMAX,Zona 0
171,7701001017105,EXITO SOLEDAD,ALMACENES EXITO,Zona 0
172,7701001017204,EXITO MAGANGUE,ALMACENES EXITO,Zona 0
173,7701001017303,EXITO ECOPLAZA MOSQUERA,ALMACENES EXITO,Zona E
174,7701001017402,EXITO PEREIRA CUBA,ALMACENES EXITO,Zona 0
175,7701001017501,EXITO FLORENCIA,ALMACENES EXITO,Zona E
176,7701001017600,EXITO CAREPA,ALMACENES EXITO,Zona 0
177,7701001017709,EXITO TURBO,ALMACENES EXITO,Zona 0
180,7701001018003,EXITO BARRANCABERMEJA,ALMACENES EXITO,Zona E
183,7701001183008,EXITO EXPRESS VARIANTE CALDAS,EXITO EXPRESS,Zona 0
188,7701001018805,EXITO EXPRESS CIUDAD REAL,EXITO EXPRESS,Zona EE
197,7701001197005,EXITO EXPRESS CIUDAD DEL RIO,EXITO EXPRESS,Zona 0
224,7701001022406,SURTIMAX BRITALIA,SURTIMAX,Zona S
226,7701001022604,SURTIMAX TABORA,SURTIMAX,Zona S
250,7701001025001,EXITO SAN BLAS BARRANQUILLA,ALMACENES EXITO,Zona 0
257,7701001025704,EXITO EJECUTIVOS,ALMACENES EXITO,Zona 0
258,7701001025803,EXITO SANTA MARTA CENTRO,ALMACENES EXITO,Zona 0
259,7701001025902,EXITO LIBERTADOR,ALMACENES EXITO,Zona 0
262,7701001026206,EXITO MONTERIA NORTE,ALMACENES EXITO,Zona 0
264,7701001026404,EXITO SINCELEJO CENTRO,ALMACENES EXITO,Zona 0
265,7701001265001,EXITO CAUCASIA,ALMACENES EXITO,Zona 0
266,7701001026602,EXITO VALLEDUPAR CENTRO,ALMACENES EXITO,Zona 0
272,7701001272009,EXITO EXPRESS CALLE 97,EXITO EXPRESS,Zona EE
275,7701001027500,EXITO BELLO CENTRO,ALMACENES EXITO,Zona 0
276,7701001027609,EXITO JUNIN,ALMACENES EXITO,Zona 0
277,7701001277004,EXITO EXPRESS CRA 7 CON 60,EXITO EXPRESS,Zona EE
280,7701001028002,CARULLA VILLA COUNTRY,ALMACENES CARULLA,Zona 0
281,7701001281001,EXITO FLORESTA (CAF),ALMACENES EXITO,Zona E
282,7701001282008,EXITO TINTAL (CAF),ALMACENES EXITO,Zona E
283,7701001283005,EXITO NUEVO KENNEDY (CAF),ALMACENES EXITO,Zona E
284,7701001284002,EXITO VEINTE DE JULIO (CAF),ALMACENES EXITO,Zona E
287,7701001287003,EXITO QUIRINAL (CAF),ALMACENES EXITO,Zona E
289,7701001289007,EXITO MODELIA (CAF),ALMACENES EXITO,Zona E
290,7701001290003,EXITO CENTENARIO (CAF),ALMACENES EXITO,Zona E
291,7701001291000,EXITO RESTREPO (CAF),ALMACENES EXITO,Zona E
294,7701001294001,CARULLA SAN RAFAEL (CAF),ALMACENES CARULLA,Zona C
297,7701001297002,CARULLA PASADENA (CAF),ALMACENES CARULLA,Zona C
301,7701001301006,EXITO EXPRESS COLSEGUROS (CAF),EXITO EXPRESS,Zona EE
302,7701001030203,EXITO CIUDAD TUNAL,ALMACENES EXITO,Zona E
303,7701001030302,EXITO UNICENTRO BOGOTA,ALMACENES EXITO,Zona E
307,7701001030708,EXITO PLAZA SALITRE,ALMACENES EXITO,Zona E
311,7701001031101,SURTIMAX BRASIL BOSA,SURTIMAX,Zona S
319,7701001031903,EXITO BUCARAMANGA CABECERA,ALMACENES EXITO,Zona E
320,7701001032009,EXITO CANAVERAL FLORIDA B,ALMACENES EXITO,Zona E
322,7701001032207,EXITO BUCARAMANGA CENTRO,ALMACENES EXITO,Zona E
325,7701001032504,EXITO AVENIDA QUINTA CUCUTA,ALMACENES EXITO,Zona E
328,7701001032801,EXITO NEIVA CENTRO,ALMACENES EXITO,Zona E
330,7701001033006,EXITO VILLAVICENCIO CENTRO,ALMACENES EXITO,Zona E
333,7701001033303,SURTIMAX LA CEJA,SURTIMAX,Zona 0
334,7701001033402,CARULLA MANIZALES,ALMACENES CARULLA,Zona 0
338,7701001033808,CARULLA OVIEDO,ALMACENES CARULLA,Zona 0
339,7701001033907,CARULLA PALMAS,ALMACENES CARULLA,Zona 0
340,7701001034003,CARULLA PINAR DEL RIO,ALMACENES CARULLA,Zona 0
341,7701001034102,CARULLA SAO PAULO,ALMACENES CARULLA,Zona 0
348,7701001034805,CARULLA AUTOPISTA 184,ALMACENES CARULLA,Zona C
350,7701001035000,CARULLA BELMIRA,ALMACENES CARULLA,Zona C
351,7701001035109,CARULLA POLO CLUB,ALMACENES CARULLA,Zona C
352,7701001352008,EXITO ORIENTAL BUCARAMANGA CV,ALMACENES EXITO,Zona E
353,7701001353005,EXITO SAN MATEO CUCUTA (CV),ALMACENES EXITO,Zona E
354,7701001354002,EXITO LAS FLORES VALLEDUPAR CV,ALMACENES EXITO,Zona 0
355,7701001355009,EXITO DIVERPLAZA,ALMACENES EXITO,Zona E
356,7701001356006,EXITO GRAN ESTACION (CV)BOGOTA,ALMACENES EXITO,Zona E
357,7701001357003,EXITO ALAMEDAS DEL SINU MONTER,ALMACENES EXITO,Zona 0
358,7701001358000,EXITO UNICENTRO VILLAVICENCIO,ALMACENES EXITO,Zona E
360,7701001036007,EXITO EXPRESS CRA 19 CON 145,EXITO EXPRESS,Zona EE
362,7701001362007,EXITO BUENA VISTA (CV) BLLA,ALMACENES EXITO,Zona 0
363,7701001363004,EXITO BUENA VISTA SANTA MARTA,ALMACENES EXITO,Zona 0
364,7701001364001,EXITO CALLE 77 (CV) BLLA,ALMACENES EXITO,Zona 0
366,7701001366005,EXITO MURILLO (CV)BARRANQUILLA,ALMACENES EXITO,Zona 0
367,7701001367002,EXITO SAN DIEGO CARTAGENA (CV),ALMACENES EXITO,Zona 0
368,7701001368009,EXITO SAN FRANCISCO (CV) BLLA,ALMACENES EXITO,Zona 0
369,7701001369006,EXITO PANORAMA CL30 (CV) BQLLA,ALMACENES EXITO,Zona 0
370,7701001370002,EXITO CASTELLANA CARTAGENA (CV,ALMACENES EXITO,Zona 0
376,7701001037608,EXITO BOSA,ALMACENES EXITO,Zona E
378,7701001037806,EXITO PIEDECUESTA,ALMACENES EXITO,Zona E
379,7701001037905,EXITO PITALITO,ALMACENES EXITO,Zona E
382,7701001003825,SURTIMAX FREDONIA,SURTIMAX,Zona 0
383,7701001038308,EXITO MANIZALES,ALMACENES EXITO,Zona 0
384,7701001384009,EXITO LA CEJA,ALMACENES EXITO,Zona 0
385,7701001038506,EXITO DUAL RIOHACHA,ALMACENES EXITO,Zona 0
402,7701001040202,EXITO CHIPICHAPE,ALMACENES EXITO,Zona 0
404,7701001404004,CARULLA EXPRESS MALL 138,CARULLA EXPRESS,Zona CE
405,7701001405001,CARULLA CALLE 127 (CAF),ALMACENES CARULLA,Zona C
406,7701001406008,CARULLA EL RETIRO (CAF),ALMACENES CARULLA,Zona C
407,7701001407005,EXITO MELGAR (CAF),ALMACENES EXITO,Zona E
408,7701001040806,EXITO SANDIEGO,ALMACENES EXITO,Zona 0
409,7701001040905,EXITO UNICENTRO MEDELLIN,ALMACENES EXITO,Zona 0
411,7701001041100,EXITO EXPRESS CALLE 140,EXITO EXPRESS,Zona EE
415,7701001041506,EXITO IPIALES,ALMACENES EXITO,Zona 0
420,7701001042008,EXITO SANCANCIO,ALMACENES EXITO,Zona 0
422,7701001042206,EXITO PASTO CENTRO,ALMACENES EXITO,Zona 0
430,7701001043005,EXITO POPAYAN CENTRO,ALMACENES EXITO,Zona 0
434,7701001434001,SURTIMAX CASA BLANCA,SURTIMAX,Zona S
435,7701001043500,EXITO PANAMERICANA POPAYAN,ALMACENES EXITO,Zona 0
444,7701001444000,EXITO GIRARDOT CARRERA 10,ALMACENES EXITO,Zona E
449,7701001044903,SURTIMAX LA ESPANOLA,SURTIMAX,Zona S
450,7701001450001,SURTIMAX SAN ANTONIO,SURTIMAX,Zona S
452,7701001452005,CARULLA EXPRESS VILLA GRANDE,CARULLA EXPRESS,Zona 0
453,7701001453002,SURTIMAX SANTA FE DE ANTIOQUIA,SURTIMAX,Zona 0
459,7701001045900,EXITO EXPRESS BIMA,EXITO EXPRESS,Zona EE
468,7701001468006,CARULLA EXPRESS CEDRITOS,CARULLA EXPRESS,Zona CE
470,7701001047003,SURTIMAX NUEVA ROMA,SURTIMAX,Zona S
474,7701001047409,SURTIMAX TRINITARIA,SURTIMAX,Zona S
482,7701001048208,EXITO AVENTURA,ALMACENES EXITO,Zona 0
483,7701001048307,EXITO FONTANAR CHIA,ALMACENES EXITO,Zona E
497,7701001497006,EXITO EXPRESS 12 CON 144,EXITO EXPRESS,Zona EE
502,7701001050201,EXITO BELEN,ALMACENES EXITO,Zona 0
505,7701001050508,EXITO DE LA 70,ALMACENES EXITO,Zona 0
508,7701001050805,EXITO MARACAIBO,ALMACENES EXITO,Zona 0
512,7701001051208,EXITO ENVIGADO CENTRO,ALMACENES EXITO,Zona 0
514,7701001051406,EXITO MOLINOS,ALMACENES EXITO,Zona 0
516,7701001051604,SURTIMAX CENTRO DE LA MODA,SURTIMAX,Zona 0
517,7701001051703,CARULLA VILLA DEL PRADO,ALMACENES CARULLA,Zona C
518,7701001051802,CARULLA CENTRO CHIA,ALMACENES CARULLA,Zona C
523,7701001523002,SURTIMAX BUENOS AIRES,SURTIMAX,Zona 0
525,7701001052502,CARULLA ROSALES,ALMACENES CARULLA,Zona C
526,7701001052601,CARULLA SAN NICOLAS,ALMACENES CARULLA,Zona C
527,7701001052700,CARULLA SOLEDAD,ALMACENES CARULLA,Zona C
530,7701001053004,CARULLA EXPRESS CAMPIN,CARULLA EXPRESS,Zona CE
531,7701001053103,CARULLA EXPRESS CAOBOS,CARULLA EXPRESS,Zona CE
532,7701001053202,CARULLA EXPRESS CAROLINA,CARULLA EXPRESS,Zona CE
533,7701001053301,CARULLA EXPRESS MANGA,CARULLA EXPRESS,Zona 0
534,7701001053400,CARULLA CALLE 86 B/QUILLA,ALMACENES CARULLA,Zona 0
535,7701001053509,CARULLA LA MINA,ALMACENES CARULLA,Zona 0
537,7701001153704,CARULLA CALLE 63,ALMACENES CARULLA,Zona C
538,7701001053806,CARULLA SANTA LUCIA,ALMACENES CARULLA,Zona 0
539,7701001053905,CARULLA VILLA SUSANA,ALMACENES CARULLA,Zona 0
540,7701001054001,CARULLA EXPRESS PORTADA AL MAR,CARULLA EXPRESS,Zona 0
542,7701001054209,CARULLA LLANO GRANDE,ALMACENES CARULLA,Zona 0
543,7701001054308,CARULLA EXPRESS LAS VILLAS,CARULLA EXPRESS,Zona CE
544,7701001054407,CARULLA EXPRESS PUENTE LARGO,CARULLA EXPRESS,Zona CE
546,7701001054605,CARULLA ALHAMBRA,ALMACENES CARULLA,Zona C
548,7701001054803,CARULLA CALLE 140,ALMACENES CARULLA,Zona C
549,7701001054902,CARULLA CALLE 147,ALMACENES CARULLA,Zona C
550,7701001055008,CARULLA CEDRO BOLIVAR,ALMACENES CARULLA,Zona C
552,7701001552002,CARULLA VISITACION,ALMACENES CARULLA,Zona 0
554,7701001055404,EXITO LAS NIEVES,ALMACENES EXITO,Zona E
556,7701001055602,EXITO NIZA,ALMACENES EXITO,Zona E
557,7701001557007,CARULLA EXPRESS CALLE 167,CARULLA EXPRESS,Zona CE
558,7701001055800,EXITO PLAZA BOLIVAR,ALMACENES EXITO,Zona E
561,7701001156101,CARULLA COLINA,ALMACENES CARULLA,Zona C
562,7701001056203,CARULLA COUNTRY,ALMACENES CARULLA,Zona C
563,7701001156309,CARULLA GALERIAS,ALMACENES CARULLA,Zona C
564,7701001156408,CARULLA NIZA,ALMACENES CARULLA,Zona C
565,7701001056500,CARULLA PABLO VI,ALMACENES CARULLA,Zona C
566,7701001056609,CARULLA PASEO REAL,ALMACENES CARULLA,Zona C
567,7701001056708,CARULLA PEPE SIERRA,ALMACENES CARULLA,Zona C
568,7701001056807,CARULLA QUINTA CAMACHO,ALMACENES CARULLA,Zona C
569,7701001056906,CARULLA RINCON DE LA COLINA,ALMACENES CARULLA,Zona C
571,7701001571003,SURTIMAX GACHANCIPA,SURTIMAX,Zona S
573,7701001573007,SURTIMAX TOCANCIPA,SURTIMAX,Zona S
574,7701001057408,EXITO DUITAMA,ALMACENES EXITO,Zona E
575,7701001057507,SURTIMAX SAN MATEO,SURTIMAX,Zona S
576,7701001057606,SURTIMAX CAJICA,SURTIMAX,Zona S
577,7701001057705,SURTIMAX SOPO,SURTIMAX,Zona S
578,7701001057804,EXITO SOGAMOSO,ALMACENES EXITO,Zona E
579,7701001579009,SURTIMAX COMPARTIR SOACHA,SURTIMAX,Zona S
580,7701001058009,EXITO TUNJA,ALMACENES EXITO,Zona E
581,7701001058108,CARULLA SANTA BARBARA,ALMACENES CARULLA,Zona C
582,7701001058207,CARULLA CALLE 47,ALMACENES CARULLA,Zona C
584,7701001058405,EXITO CIUDAD JARDIN,ALMACENES EXITO,Zona E
585,7701001058504,CARULLA CORTIJO,ALMACENES CARULLA,Zona C
586,7701001058603,EXITO ESPERANZA,ALMACENES EXITO,Zona E
594,7701001059402,CARULLA PANCE CALI,ALMACENES CARULLA,Zona 0
595,7701001159508,CARULLA SAN FERNANDO,ALMACENES CARULLA,Zona 0
596,7701001159607,CARULLA TRADE CENTER,ALMACENES CARULLA,Zona 0
599,7701001059907,CARULLA CALLE 82,ALMACENES CARULLA,Zona 0
603,7701001060309,EXITO BUGA,ALMACENES EXITO,Zona 0
606,7701001060606,SURTIMAX CARBONEL,SURTIMAX,Zona S
616,7701001061603,EXITO PALMETO,ALMACENES EXITO,Zona 0
620,7701001062006,EXITO PALMIRA,ALMACENES EXITO,Zona 0
623,7701001623009,SURTIMAX SANTA RITA,SURTIMAX,Zona S
628,7701001062808,EXITO ARMENIA,ALMACENES EXITO,Zona 0
629,7701001062907,CARULLA ARRECIFE,ALMACENES CARULLA,Zona 0
633,7701001633008,CARULLA CITY PLAZA,ALMACENES CARULLA,Zona 0
634,7701001634005,CARULLA CASTILLO GRANDE,ALMACENES CARULLA,Zona 0
647,7701001064703,CARULLA RAMBLAS,ALMACENES CARULLA,Zona 0
650,7701001065007,EXITO CRA. 8 CALI,ALMACENES EXITO,Zona 0
657,7701001065700,EXITO EXP CRA 15 CON 100 T.ALI,EXITO EXPRESS,Zona EE
665,7701001066509,CARULLA ZAZUE,ALMACENES CARULLA,Zona 0
667,7701001667003,CARULLA PENALISA,ALMACENES CARULLA,Zona C
670,7701001670003,CARULLA EXPRESS CALLE ROMAN,CARULLA EXPRESS,Zona 0
702,7701001070209,CARULLA NOGAL,ALMACENES CARULLA,Zona C
703,7701001703008,SURTIMAX LA CALERA,SURTIMAX,Zona S
707,7701001070704,CARULLA CALLE 110,ALMACENES CARULLA,Zona C
710,7701001071008,CARULLA BELLA SUIZA,ALMACENES CARULLA,Zona C
713,7701001071305,CARULLA CALLE 102,ALMACENES CARULLA,Zona C
725,7701001072500,CARULLA POBLADO,ALMACENES CARULLA,Zona 0
726,7701001072609,CARULLA TESORO,ALMACENES CARULLA,Zona 0
727,7701001072708,CARULLA RINCON DE OVIEDO,ALMACENES CARULLA,Zona 0
728,7701001072807,CARULLA SAN LUCAS,ALMACENES CARULLA,Zona 0
729,7701001072906,CARULLA LAURELES,ALMACENES CARULLA,Zona 0
732,7701001073200,CARULLA CIUDAD JARDIN,ALMACENES CARULLA,Zona 0
745,7701001007458,SURTIMAX TRIANON,SURTIMAX,Zona 0
758,7701001075808,SURTIMAX SAN JAVIER METRO,SURTIMAX,Zona 0
759,7701001759005,SURTIMAX AMAGA,SURTIMAX,Zona 0
765,7701001076508,SURTIMAX ZAMORA,SURTIMAX,Zona 0
768,7701001768007,SURTIMAX EL SOCORRO,SURTIMAX,Zona S
775,7701001077505,SURTIMAX CHUNIZA,SURTIMAX,Zona S
781,7701001781006,SURTIMAX EL RECREO BOSA,SURTIMAX,Zona S
886,7701001886008,CARULLA LA CALERA,ALMACENES CARULLA,Zona C
4025,7701001402505,EXITO SOACHA,ALMACENES EXITO,Zona E
4027,7701001402703,EXITO UNICENTRO NEIVA,ALMACENES EXITO,Zona E
4028,7701001040288,EXITO PLAZA 77 SUR,ALMACENES EXITO,Zona 0
4029,7701001040295,EXITO LA FELICIDAD,ALMACENES EXITO,Zona E
4033,7701001403304,EXITO LORICA,ALMACENES EXITO,Zona 0
4035,7701001040356,EXITO NUESTRO CARTAGO,ALMACENES EXITO,Zona 0
4036,7701001403601,EXITO SABANALARGA,ALMACENES EXITO,Zona 0
4037,7701001403700,EXITO PASEO DEL PUENTE,ALMACENES EXITO,Zona E
4039,7701001040394,EXITO UNICENTRO GIRARDOT,ALMACENES EXITO,Zona E
4040,7701001040400,EXITO LA CENTRAL,ALMACENES EXITO,Zona 0
4042,7701001404202,EXITO INDIANA MALL,ALMACENES EXITO,Zona 0
4043,7701001404301,EXITO MALL PLAZA NQS,ALMACENES EXITO,Zona E
4044,7701001404400,EXITO FLORENCIA CENTRO,ALMACENES EXITO,Zona E
4047,7701001404707,EXITO CHIQUINQUIRA,ALMACENES EXITO,Zona E
4048,7701001404806,EXITO LA DORADA,ALMACENES EXITO,Zona E
4049,7701001040493,EXITO JAMUNDI,ALMACENES EXITO,Zona 0
4050,7701001040509,EXITO EL ENSUENO,ALMACENES EXITO,Zona E
4051,7701001405100,EXITO PARQUE FABRICATO,ALMACENES EXITO,Zona 0
4052,7701001405209,EXITO NUESTRO BOGOTA,ALMACENES EXITO,Zona E
4053,7701001405308,EXITO CALLE 28,ALMACENES EXITO,Zona E
4054,7701001240541,EXITO LLANOGRANDE PALMIRA,ALMACENES EXITO,Zona 0
4056,7701001040561,EXITO SUPERCENTRO TULUA,ALMACENES EXITO,Zona 0
4057,7701001040578,EXITO CRESPO,ALMACENES EXITO,Zona 0
4058,7701001040585,EXITO VALLE DEL LILI,ALMACENES EXITO,Zona 0
4065,7701001040653,EXITO SAN PEDRO DE LOS MILAGRO,ALMACENES EXITO,Zona 0
4067,7701001040677,EXITO SAN JAVIER,ALMACENES EXITO,Zona 0
4068,7701001040684,EXITO PRIMAVERA CALLE 80,ALMACENES EXITO,Zona E
4069,7701001040691,EXITO PARQUE FONTIBON,ALMACENES EXITO,Zona E
4070,7701001040707,EXITO GARDEL,ALMACENES EXITO,Zona 0
4071,7701001040714,EXITO PRADILLA,ALMACENES EXITO,Zona E
4072,7701001040721,EXITO PUERTO BERRIO,ALMACENES EXITO,Zona 0
4079,7701001040790,EXITO ACOPI,ALMACENES EXITO,Zona 0
4081,7701001040813,CARULLA ACACIAS,ALMACENES EXITO,Zona E
4082,7701001040820,EXITO CIUDADELA,ALMACENES EXITO,Zona E
4084,7701001040844,CARULLA MALAMBO CALLE 10,ALMACENES EXITO,Zona 0
4086,7701001040868,EXITO MELENDEZ,ALMACENES EXITO,Zona 0
4087,7701001040875,EXITO CARRERA 10 JAMUNDI,ALMACENES EXITO,Zona 0
4088,7701001040882,EXITO AQUARELA,ALMACENES EXITO,Zona 0
4089,7701001040899,CARULLA LOS PATIOS,ALMACENES EXITO,Zona E
4090,7701001240909,CARULLA GUADALUPE,ALMACENES EXITO,Zona 0
4093,7701001040936,EXITO TURBACO,ALMACENES EXITO,Zona 0
4096,7701001040967,CARULLA VILLA VERDE,ALMACENES EXITO,Zona 0
4097,7701001040974,CARULLA VILLA OLIMPICA,ALMACENES EXITO,Zona 0
4099,7701001040998,CARULLA FERIA DE LOS PLATANOS,ALMACENES EXITO,Zona 0
4166,7701001416601,EXITO EXPRESS VEREDA CANELON,EXITO EXPRESS,Zona EE
4171,7701001417103,EXITO EXPRESS PRADERAS DE SUBA,EXITO EXPRESS,Zona EE
4179,7701001417905,EXITO EXPRESS CALLE 119 CON 13,EXITO EXPRESS,Zona EE
4185,7701001041858,EXITO EXPRESS EDS EL CARMEN,EXITO EXPRESS,Zona 0
4187,7701001418704,EXITO EXPRESS CRA24 CON 83,EXITO EXPRESS,Zona EE
4219,7701001421902,CARULLA AVENIDA COLOMBIA,ALMACENES CARULLA,Zona 0
4381,7701001043814,SURTIMAX CAMINO VERDE,SURTIMAX,Zona 0
4382,7701001043821,SURTIMAX LOS COLORES,SURTIMAX,Zona 0
4437,7701001044378,TURBO CARULLA LA CASTELLANA,TURBO CARULLA,Zona 0
4438,7701001044385,TURBO CARULLA LA FRONTERA,TURBO CARULLA,Zona 0
4442,7701001044422,TURBO CARULLA MAR DEL NORTE,TURBO CARULLA,Zona 0
4445,7701001444505,TURBO CARULLA ENGATIVA OCCIDEN,TURBO CARULLA,Zona TC
4447,7701001444727,TURBO CARULLA GRANADA NORTE,TURBO CARULLA,Zona TC
4455,7701001944555,TURBO CARULLA CHIA,TURBO CARULLA,Zona TC
4458,7701001944586,TURBO CARULLA COMUNEROS,TURBO CARULLA,Zona TC
4459,7701001445908,TURBO CARULLA ESPERANZA,TURBO CARULLA,Zona TC
4460,7701001446004,TURBO CAR PARQ CENTRAL BAVARIA,TURBO CARULLA,Zona TC
4461,7701001446103,TURBO CARULLA MODELIA,TURBO CARULLA,Zona TC
4462,7701001446202,TURBO CARULLA CABECERA D LLANO,TURBO CARULLA,Zona TC
4463,7701001446301,TURBO CARULLA VERBENAL,TURBO CARULLA,Zona TC
4464,,TURBO CARULLA CANAVERAL,TURBO CARULLA,Zona TC
4467,7701001446707,TURBO CARULLA AMERICAS,TURBO CARULLA,Zona TC
4471,7701001044712,TURBO CARULLA ENVIGADO ALTO,TURBO CARULLA,Zona 0
4472,7701001044729,TURBO CARULLA BOCAGRANDE,TURBO CARULLA,Zona 0
4474,7701001044743,TURBO CARULLA MANILA,TURBO CARULLA,Zona 0
4475,7701001044750,TURBO CARULLA EL POBLADO BQUIL,TURBO CARULLA,Zona 0
4476,7701001044767,TURBO CARULLA EL PRADO BQUILLA,TURBO CARULLA,Zona 0
4477,7701001044774,TURBO CARULLA ENVIGADO BAJO,TURBO CARULLA,Zona 0
4478,,TURBO CARULLA LA ESTRELLA,TURBO CARULLA,Zona 0
4484,7701001044842,TURBO CARULLA LA MOTA,TURBO CARULLA,Zona 0
4485,7701001044859,TURBO CARULLA LA PLAYA,TURBO CARULLA,Zona 0
4486,7701001044866,TURBO CARULLA LAS COLINAS,TURBO CARULLA,Zona 0
4487,7701001044873,TURBO CARULLA LAURELES,TURBO CARULLA,Zona 0
4489,7701001044897,TURBO CARULLA MANGA,TURBO CARULLA,Zona 0
4491,7701001044910,TURBO CARULLA SABANETA,TURBO CARULLA,Zona 0
4493,7701001044934,TURBO CARULLA SUBA TURINGIA,TURBO CARULLA,Zona TC
4494,7701001044941,TURBO CARULLA TITAN,TURBO CARULLA,Zona TC
4496,7701001044965,TURBO CARULLA VILLA DE ANDALUC,TURBO CARULLA,Zona 0
4498,7701001044989,TURBO CARULLA PARQUE DEL PERRO,TURBO CARULLA,Zona 0
4499,7701001044996,TURBO CARULLA SAN VICENTE,TURBO CARULLA,Zona 0
4500,7701001145006,TURBO CARULLA CD. JARDIN CALI,TURBO CARULLA,Zona 0
4523,7701001045238,SURTIMAX CHAPINERO,SURTIMAX,Zona S
4524,7701001045245,SURTIMAX LIJACA,SURTIMAX,Zona S
4527,,SURTIMAX QUIROGA,SURTIMAX,Zona S
4533,,SURTIMAX SUBA BILBAO,SURTIMAX,Zona S
4534,7701001045344,SURTIMAX CALDAS,SURTIMAX,Zona 0
4535,,SURTIMAX BELLO PRADO,SURTIMAX,Zona 0
4539,7701001045399,SURTIMAX SANTA ISABEL,SURTIMAX,Zona S
4541,,SURTIMAX VILLA PAULA,SURTIMAX,Zona 0
4557,,SURTIMAX PILARICA,SURTIMAX,Zona 0
4559,7701001045597,SURTIMAX GUATAPE,SURTIMAX,Zona 0
4571,7701001045719,TURBO CARULLA ARMENIA,TURBO CARULLA,Zona 0
4572,7701001045726,TURBO CARULLA DOSQUEBRADAS,TURBO CARULLA,Zona 0
4573,7701001045733,TURBO CARULLA ALAMEDA,TURBO CARULLA,Zona 0
4575,7701001045757,TURBO CARULLA IBAGUE,TURBO CARULLA,Zona TC
4576,7701001045764,TURBO CARULLA BAVARIA,TURBO CARULLA,Zona 0
4577,7701001045771,TURBO CARULLA VILLAVICENCIO,TURBO CARULLA,Zona TC
4578,7701001045788,TURBO CARULLA QUINTA CAMACHO,TURBO CARULLA,Zona TC
4581,7701001045818,TURBO CARULLA LA CABANA,TURBO CARULLA,Zona TC
4657,7701001146577,TURBO CARULLA CANAVERAL,TURBO CARULLA,Zona TC
4663,7701001046631,CARULLA EXPRESS 106 SQUARE,CARULLA EXPRESS,Zona CE
4664,7701001046648,CARULLA EXPRESS MARIANITO,CARULLA EXPRESS,Zona 0
4665,7701001046655,CARULLA EXPRESS EDS LA SIERRA,CARULLA EXPRESS,Zona 0
4668,7701001046686,CARULLA EXPRESS PE?ON,CARULLA EXPRESS,Zona CE
4669,7701001146690,CARULLA EXPRESS PARQUE POBLADO,CARULLA EXPRESS,Zona 0
4670,7701001246703,CARULLA GRAN VIA,ALMACENES CARULLA,Zona 0
4693,7701001046938,CARULLA EXPRESS SAN PATRICIO,CARULLA EXPRESS,Zona CE
4754,7701001247540,EXITO PUERTO GAITAN,ALMACENES EXITO,Zona E
4767,7701001047676,EXITO GRANADA,ALMACENES EXITO,Zona E
4776,7701001047768,CARULLA EXPRESS LA AMERICA,CARULLA EXPRESS,Zona 0
4777,7701001047775,CARULLA EXPRESS NUTIBARA,CARULLA EXPRESS,Zona 0
4778,7701001047782,CARULLA EXPRESS LAURELES,CARULLA EXPRESS,Zona 0
4780,7701001247809,CARULLA LA MESA,ALMACENES CARULLA,Zona C
4781,7701001047812,CARULLA LA MARIA,ALMACENES CARULLA,Zona 0
4783,7701001047836,CARULLA CASTILLA,ALMACENES CARULLA,Zona 0
4799,7701001047997,CARULLA PASOANCHO,ALMACENES CARULLA,Zona 0
4800,7701001480008,CARULLA CIUDAD DEL MAR,ALMACENES CARULLA,Zona 0
4801,7701001480107,CARULLA VIVA PALMAS,ALMACENES CARULLA,Zona 0
4803,7701001480305,CARULLA AUTOPISTA 116,ALMACENES CARULLA,Zona C
4804,7701001480404,CARULLA BELLAVISTA,ALMACENES CARULLA,Zona 0
4805,7701001480503,CARULLA SAN MARCEL,ALMACENES CARULLA,Zona 0
4806,7701001480602,CARULLA ISLA NATURA,ALMACENES CARULLA,Zona C
4809,7701001480909,CARULLA PRIMAVERA URBANA,ALMACENES CARULLA,Zona C
4811,7701001481104,CARULLA PEREIRA CERRITOS,ALMACENES CARULLA,Zona 0
4812,7701001481203,CARULLA PEREIRA PINARES,ALMACENES CARULLA,Zona 0
4813,7701001481302,CARULLA BACATA,ALMACENES CARULLA,Zona C
4814,7701001481401,CARULLA SMARTMARKET,ALMACENES CARULLA,Zona C
4816,7701001481609,CARULLA MALL PLAZA BUENAVISTA,ALMACENES CARULLA,Zona 0
4817,7701001481708,CARULLA PLAZA CLARO,ALMACENES CARULLA,Zona C
4818,7701001481807,CARULLA PRADERA DE POTOSI,ALMACENES CARULLA,Zona C
4821,7701001482101,CARULLA EXPRESS CALLE MONEDA,CARULLA EXPRESS,Zona 0
4822,7701001482200,CARULLA EXPRESS CALLE 109,CARULLA EXPRESS,Zona CE
4823,7701001482309,CARULLA EXPRESS PORTON RETIRO,CARULLA EXPRESS,Zona 0
4824,7701001048246,CARULLA EXPRESS RICAURTE,CARULLA EXPRESS,Zona CE
4825,7701001482507,CARULLA EXPRESS SIBERIA,CARULLA EXPRESS,Zona CE
4826,7701001482606,CARULLA EXPRESS LAS VELAS,CARULLA EXPRESS,Zona 0
4827,7701001040271,CARULLA EXPRESS PRESENTE STA M,CARULLA EXPRESS,Zona 0
4828,7701001048284,CARULLA EXPRESS CALLE 90,CARULLA EXPRESS,Zona CE
4829,7701001048291,CARULLA EXPRESS DIVINA EUCARIS,CARULLA EXPRESS,Zona 0
4830,7701001248301,CARULLA EXPRESS SAN AGUSTIN,CARULLA EXPRESS,Zona 0
4831,7701001048314,CARULLA EXPRESS COSTA AZUL,CARULLA EXPRESS,Zona 0
4832,7701001048321,CARULLA EXPRESS CALLE 4TA,CARULLA EXPRESS,Zona 0
4833,7701001048338,CARULLA EXPRESS RODADERO SUR,CARULLA EXPRESS,Zona 0
4836,7701001048369,CARULLA EXPRESS PONTEVEDRA,CARULLA EXPRESS,Zona CE
4837,7701001048376,CARULLA EXPRESS CIELO MAR,CARULLA EXPRESS,Zona 0
4838,7701001048383,CARULLA EXPRESS MALL CABECERAS,CARULLA EXPRESS,Zona 0
4839,7701001048390,CARULLA EXPRESS CARRERA 7,CARULLA EXPRESS,Zona CE
4841,7701001484105,TURBO CARULLA EL LAGO,TURBO CARULLA,Zona TC
4842,7701001484204,TURBO CARULLA CHAPINERO,TURBO CARULLA,Zona TC
4843,7701001484303,TURBO CARULLA PARQUE 93,TURBO CARULLA,Zona TC
4844,7701001484402,TURBO CARULLA SAN PATRICIO,TURBO CARULLA,Zona TC
4845,7701001484501,TURBO CARULLA LIMONAR,TURBO CARULLA,Zona 0
4846,7701001484600,TURBO CARULLA CEDRITOS,TURBO CARULLA,Zona TC
4847,7701001484709,TURBO CARULLA COUNTRY,TURBO CARULLA,Zona TC
4848,7701001048482,TURBO CARULLA NIZA,TURBO CARULLA,Zona TC
4849,7701001048499,TURBO CARULLA COLINA,TURBO CARULLA,Zona TC
4851,7701001048512,TURBO CARULLA ISERRA 100,TURBO CARULLA,Zona TC
4852,7701001048529,TURBO CARULLA PALERMO,TURBO CARULLA,Zona TC
4854,7701001048543,TURBO CARULLA TESORO,TURBO CARULLA,Zona 0
4857,7701001485706,TURBO CARULLA BARRANCAS,TURBO CARULLA,Zona TC
4859,7701001485904,TURBO CARULLA USAQU?N CLLE 120,TURBO CARULLA,Zona TC
4869,7701001248691,CARULLA EXPRESS CARRERA 15,CARULLA EXPRESS,Zona CE
4873,7701001048734,CARULLA EXPRESS GUATAPE,CARULLA EXPRESS,Zona 0
4874,7701001048741,CARULLA EXPRESS PASADENA,CARULLA EXPRESS,Zona CE
4875,7701001048758,CARULLA EXPRESS SALITRE,CARULLA EXPRESS,Zona CE
4876,7701001048765,CARULLA EXPRESS CORFERIAS,CARULLA EXPRESS,Zona CE
4877,7701001048772,CARULLA EXPRESS EDS EL RETIRO,CARULLA EXPRESS,Zona 0
4878,7701001048789,CARULLA EXPRESS LOMA ESCOBERO,CARULLA EXPRESS,Zona 0
4883,7701001048833,CAVA CARULLA RAMBLAS,ALMACENES CARULLA,Zona 0
4094,7701001040943,EXITO LA FONTANA,ALMACENES EXITO,Zona 0
4098,7701001040981,EXITO PARQUE DE LA CEJA,ALMACENES EXITO,Zona 0
4142,7701001041421,EXITO.COM CARIBE,ALMACENES EXITO,Zona 0
4143,7701001041438,EXITO.COM YUMBO,ALMACENES EXITO,Zona 0
4145,7701001041452,CARULLA.COM VEGAS,ALMACENES CARULLA,Zona 0
4146,7701001041469,CARULLA.COM CARIBE,ALMACENES CARULLA,Zona 0
4148,7701001414805,CARULLA.COM YUMBO,ALMACENES EXITO,Zona 0
4149,7701001041490,BAZAR CARULLA ES CAFE,ALMACENES CARULLA,Zona 0
4198,7701001041988,EXITO.COM FUNZA,ALMACENES EXITO,Zona E
4199,7701001041995,CARULLA.COM FUNZA,ALMACENES CARULLA,Zona C
4206,7701001420608,CARULLA GUAYACANES,ALMACENES CARULLA,Zona 0
4234,7701001423401,CARULLA ARMENIA NORTE,ALMACENES CARULLA,Zona 0
4239,7701001423906,CARULLA ARMENIA PLAZA,ALMACENES CARULLA,Zona 0
4284,7701001042848,EXITO.COM MONTERIA,ALMACENES EXITO,Zona 0
4289,7701001042893,CARULLA.COM MONTERIA,ALMACENES CARULLA,Zona 0
4296,7701001042961,EXITO.COM PEREIRA,ALMACENES EXITO,Zona 0
4298,7701001042985,CARULLA.COM PEREIRA,ALMACENES CARULLA,Zona 0
4332,7701001043326,EXITO.COM GIRON,ALMACENES EXITO,Zona E
4333,7701001043333,CARULLA.COM GIRON,ALMACENES CARULLA,Zona C
4358,7701001043586,BOUTIQUE EXITO MOLINOS,ALMACENES EXITO,Zona 0
4434,7701001044347,MARKETPLACE EXITO.COM,ALMACENES EXITO,Zona 0
4666,7701001046662,CARULLA EXPRESS CALLE 97,CARULLA EXPRESS,Zona CE
4667,7701001046679,CARULLA EXPRESS CALLE 60,CARULLA EXPRESS,Zona CE
4723,7701001472300,CARULLA CASTILLA BOGOTA,ALMACENES CARULLA,Zona C
4782,7701001047829,CARULLA EXPRESS LA FLORA,CARULLA EXPRESS,Zona 0
