id;referencia;producto;max;predet;estado_frio;costo;tara
"19";"11000";"POLLO MARINADO SIN CLASIFICAR";"10";"10";"CONGELADO";"6642.15";"CANASTA"
"24";"11009";"POLLO SIN VISCERA REFRIGERADO";"10";"10";"REFRIGERADO";"8107.41";"CANASTA"
"25";"11003";"POLLO ASADERO 1.4 - 1.6";"15";"12";"CONGELADO";"3977";"CANASTA"
"26";"11018";"POLLO ASADERO 1.8 - 2.0";"10";"10";"CONGELADO";"6626.36";"CANASTA"
"53";"12038";"PERNIL INDIVIDUAL";"30";"30";"CONGELADO";"5679.5";"CANASTA"
"434";"11020";"POLLO ASADERO 2.2 -2.6";"12";"12";"CONGELADO";"3977";"CANASTA"
"492";"11034";"POLLO ASADERO MAYOR A 2.6";"12";"12";"CONGELADO";"3977";"CANASTA"
"560";"14010";"CHORIZO A GRANEL";"100";"50";"REFRIGERADO";"5735.83";"CANASTA"
"561";"14011";"ROLLO POLLO CON VERDURAS X 500 GR UND";"100";"50";"REFRIGERADO";"6332";"CANASTA"
"563";"14013";"CARNE MOLIDA CONDIMENTADA X 500";"100";"50";"CONGELADO";"5841";"CANASTA"
"564";"14014";"SALCHICHON DE POLLO X 500 GR";"100";"50";"REFRIGERADO";"5115";"CANASTA"
"567";"14016";"SALCHICHON CERVECERO DE POLLO OBSEQUIO";"100";"50";"REFRIGERADO";"7826";"CANASTA"
"576";"11019";"POLLO ASADERO 2.0 -2.2";"12";"12";"CONGELADO";"6619.41";"CANASTA"
"642";"11035";"POLLO REFRIGERADO 1 1.6 1.8";"13";"13";"REFRIGERADO";"8136.5";"CANASTA"
"643";"11036";"POLLO REFRIGERADO 2 (1.8-2.0)";"10";"10";"REFRIGERADO";"8131.27";"CANASTA"
"644";"11037";"POLLO REFRIGERADO 3 (2.0-2.2)";"10";"10";"REFRIGERADO";"8127.09";"CANASTA"
"653";"14018";"LOMO NAVIDENO";"100";"50";"REFRIGERADO";"22458";"CANASTA"
"659";"14019";"LOMO CON CHAMPINONES X 850";"100";"50";"REFRIGERADO";"25707";"CANASTA"
"673";"12128";"ANCHETA LOMO CON CHAMPINONES";"100";"50";"SIN ASIGNAR";"13160.16";"CANASTA"
"674";"12129";"ANCHETA NAVIDENA";"100";"50";"SIN ASIGNAR";"11230";"CANASTA"
"696";"15006";"SALCHICHON DE POLLO X 750 GR";"100";"50";"REFRIGERADO";"3374.3";"CANASTA"
"697";"15007";"BUTIFARRA 500 GR";"100";"50";"REFRIGERADO";"7971.6";"CANASTA"
"707";"11002";"POLLO ASADERO 1.6-1.8";"10";"10";"CONGELADO";"6635.04";"CANASTA"
"820";"15013";"SALCHICHA MANGUERA 500 GR";"0";"0";"REFRIGERADO";"6210";"CANASTA"
"872";"15014";"TROZOS DE PECHUGA BLOQUE";"1";"1";"CONGELADO";"5022.1";"CANASTA"
"889";"14036";"LOMO DE PECHUGA";"0";"0";"REFRIGERADO";"24791";"CANASTA"
"945";"14037";"LOMO DE POLLO CON ESPECIAS";"0";"0";"REFRIGERADO";"22168";"CANASTA"
"1027";"14046";"CARNE MOLIDA CONDIMENTADA X 500 PROMOCIO";"0";"0";"CONGELADO";"3357.28";"CANASTA"
"1236";"E12672";"ALA S/C X 20 REF S/M ARO FAMILIAR";"1";"1";"REFRIGERADO";"9501.45";"CANASTA"
"1238";"E12673";"COLOMBINA DE POLLO X 30 REF S/M ARO FAMI";"1";"1";"REFRIGERADO";"12466.22";"CANASTA"
"1240";"E12674";"CONTRAMUSLO CON PIEL R X 12 S/M ARO FAMI";"1";"1";"REFRIGERADO";"10267.1";"CANASTA"
"1242";"E12675";"FILETE 1/2 PECHUGA X 10 REF S/M ARO FAMI";"1";"1";"REFRIGERADO";"16463.62";"CANASTA"
"1244";"E12676";"MUSLO SIN PIEL X 12 REF S/M ARO FAMI";"1";"1";"REFRIGERADO";"11033.74";"CANASTA"
"1246";"E12677";"MUSLO CON PIEL REF X12 S/M ARO FAMI";"1";"1";"REFRIGERADO";"8471.4";"CANASTA"
"1248";"E12678";"PECHUGA SIN PIEL REF X 4 S/M ARO FAMI";"1";"1";"REFRIGERADO";"12766.07";"CANASTA"
"1250";"E12679";"PECHUGA CON PIEL X 4 REF S/M ARO FAMI";"1";"1";"REFRIGERADO";"11251.41";"CANASTA"
"1252";"E12680";"ALAS X 8 S/C ARO ESTANDAR";"1";"1";"REFRIGERADO";"9595.09";"CANASTA"
"1254";"E12681";"COLOMBINA DE POLLO X 14 REF S/M ARO ESTA";"8";"8";"REFRIGERADO";"12554.65";"CANASTA"
"1256";"E12682";"CONTRAMUSLO X 6 REF S/M ARO ESTANDAR";"1";"1";"REFRIGERADO";"10279.16";"CANASTA"
"1258";"E12683";"FILETE PECHUGA X 2 REF S/M ARO ESTANDAR";"1";"1";"REFRIGERADO";"16574.61";"CANASTA"
"1260";"E12684";"MUSLO CON PIEL X 5 REF S/M ARO ESTANDAR";"1";"1";"REFRIGERADO";"8548.09";"CANASTA"
"1262";"E12685";"MUSLO SIN PIEL X 5 S/M ARO ESTANDAR";"1";"1";"REFRIGERADO";"11174.94";"CANASTA"
"1264";"E12686";"PECHUGA SIN PIEL X2 REF S/M ARO ESTANDAR";"1";"1";"REFRIGERADO";"12759.15";"CANASTA"
"1266";"E12687";"PECHUGA X 2 REF S/M ARO ESTANDAR";"1";"1";"REFRIGERADO";"11198.71";"CANASTA"
"1268";"E12688";"PERNIL X 2 REF S/M ARO ESTANDAR";"1";"1";"REFRIGERADO";"7379.4";"CANASTA"
"1270";"E12689";"POLLO ENTERO S/V REF S/M ARO ESTANDAR";"1";"1";"REFRIGERADO";"8754.21";"CANASTA"
"1272";"E12690";"ALITAS DE POLLO ADOBADAS BBQ REF BANDEJA";"1";"1";"REFRIGERADO";"6940";"CANASTA"
"1274";"E12691";"ALITAS DE POLLO ADOBADA PICANTE REF BJA";"1";"1";"REFRIGERADO";"6695";"CANASTA"
"1278";"E12693";"COLOMBINA DE POLLO X 14 REF S/M";"1";"1";"REFRIGERADO";"8216";"CANASTA"
"1287";"E12160";"ALA C/C REFRIGERADA MARINADA S/I EXITO";"1";"1";"REFRIGERADO";"6076.76";"CANASTA"
"1289";"E12162";"MUSLO X 2 SIN PIEL REF S/M SINGLE PACK";"12";"12";"REFRIGERADO";"8274";"CANASTA"
"1290";"E12163";"FILETE 1/2 PECHU X 2 REF S/M SINGLE PACK";"12";"12";"REFRIGERADO";"12723";"CANASTA"
"1291";"E12164";"PECHUGA SIN PIEL X 1 REF S/M SINGLE PACK";"12";"12";"REFRIGERADO";"9808";"CANASTA"
"1292";"E12165";"CONTRAMUSLO SIN PIEL X 3 REF S/M SINGLE";"12";"12";"REFRIGERADO";"8865";"CANASTA"
"1293";"E12166";"MUSLO X 2 REF S/M SINGLE PACK";"12";"12";"REFRIGERADO";"6517";"CANASTA"
"1294";"E12167";"PERNIL X 1 REF S/M SINGLE PACK";"12";"12";"REFRIGERADO";"4373";"CANASTA"
"1295";"E12168";"PECHUGA X1 REF S/M SINGLE PACK";"12";"12";"REFRIGERADO";"8402";"CANASTA"
"1296";"E12169";"CONTRAMUSLO X 2 REF S/M SINGLE PACK";"12";"12";"REFRIGERADO";"6785";"CANASTA"
"1297";"E12170";"ALA S/C X 4 REF S/M SINGLE PACK";"12";"12";"REFRIGERADO";"5042";"CANASTA"
"1298";"E12171";"MUSLO X 5 SIN PIEL REF S/M JUMBO";"8";"8";"REFRIGERADO";"11903.42";"CANASTA"
"1299";"E12172";"FILETE PECHU X 2 REF S/M JUMBO";"8";"8";"REFRIGERADO";"17139.65";"CANASTA"
"1300";"E12173";"PECHUGA SIN PIEL X 2 REF S/M JUMBO";"8";"8";"REFRIGERADO";"13154.68";"CANASTA"
"1301";"E12174";"CONTRAMUSLO SIN PIEL X 6 REF S/M JUMBO";"8";"8";"REFRIGERADO";"12583.86";"CANASTA"
"1302";"E12175";"COLOMBINA DE POLLO X 14 REF S/M JUMBO";"8";"8";"REFRIGERADO";"13296.09";"CANASTA"
"1303";"E12176";"MUSLO X 5 REF S/M JUMBO";"8";"8";"REFRIGERADO";"9162.77";"CANASTA"
"1304";"E12177";"PERNIL X 2 REF S/M JUMBO";"8";"8";"REFRIGERADO";"7885.59";"CANASTA"
"1305";"E12178";"PECHUGA X 2 REF S/M JUMBO";"8";"8";"REFRIGERADO";"11521.07";"CANASTA"
"1306";"E12179";"CONTRAMUSLO X 6 REF S/M JUMBO";"8";"8";"REFRIGERADO";"10752.42";"CANASTA"
"1307";"E12180";"ALA S/C X 8 REF S/M JUMBO";"8";"8";"REFRIGERADO";"10212.42";"CANASTA"
"1308";"E12181";"POLLO ENTERO S/V REF S/M JUMBO";"4";"4";"REFRIGERADO";"9036.5";"CANASTA"
"1309";"E12182";"MUSLO X 12 SIN PIEL REF S/M FAMILY";"4";"4";"REFRIGERADO";"11855.75";"CANASTA"
"1310";"E12183";"FILETE 1/2 PECHU REF S/M FAMILY";"4";"4";"REFRIGERADO";"16978.14";"CANASTA"
"1311";"E12184";"PECHUGA SIN PIEL X 4 REF S/M FAMILY";"4";"4";"REFRIGERADO";"13237.72";"CANASTA"
"1312";"E12185";"CONTRAMUSLO SIN PIEL X 12 REF S/M FAMILY";"4";"4";"REFRIGERADO";"12700.57";"CANASTA"
"1313";"E12186";"MUSLO X12 REF S/M FAMILY";"4";"4";"REFRIGERADO";"9137.25";"CANASTA"
"1314";"E12187";"ALA S/C X 20 REF S/M FAMILY";"4";"4";"REFRIGERADO";"10148.28";"CANASTA"
"1315";"E12188";"PECHUGA X 4 REF S/M FAMILY";"4";"4";"REFRIGERADO";"11577.66";"CANASTA"
"1316";"E12189";"COLOMBINA DE POLLO X 30 REF S/M FAMILY";"4";"4";"REFRIGERADO";"13274.75";"CANASTA"
"1317";"E12190";"CONTRAMUSLO X 12 REF S/M FAMILY";"4";"4";"REFRIGERADO";"10845.95";"CANASTA"
"1318";"E12191";"CONTRAMUSLO PRESA SUELTA X 10 MAKRO";"4";"4";"CONGELADO";"8049.97";"CANASTA"
"1319";"E12192";"CONTRAMUSLO PRESA SUELTA X 15 MAKRO";"4";"4";"CONGELADO";"8003.33";"CANASTA"
"1320";"E12193";"COLOMBINA DE ALA  PRESA SULTA X 30 MAKRO";"4";"4";"CONGELADO";"11505.98";"CANASTA"
"1321";"E12194";"MUSLO PRESA SUELTA X 15 MAKRO";"4";"4";"CONGELADO";"6675.68";"CANASTA"
"1322";"E12195";"MUSLO PRESA SUELTA X 10 MAKRO";"4";"4";"CONGELADO";"6758.99";"CANASTA"
"1323";"E12196";"LOMITOS DE PECHUGA PRESA SUELTA MAKRO";"4";"4";"CONGELADO";"16068.9";"CANASTA"
"1324";"E12197";"TROZOS DE PECHUGA BOLSA MAKRO";"0";"0";"CONGELADO";"11616";"CANASTA"
"1325";"E12198";"FILETE DE PECHUGA X 15 MAKRO";"12";"12";"CONGELADO";"16244.68";"CANASTA"
"1326";"E12199";"FILETE DE PECHUGA X 10 MAKRO";"12";"12";"CONGELADO";"16147.97";"CANASTA"
"1327";"E12200";"ALAS S/C X 20 PRESA SUELTA MAKRO";"4";"4";"CONGELADO";"8578.62";"CANASTA"
"1328";"E12201";"PECHUGA REF MAR COMPENSADA JUMBO";"1";"1";"REFRIGERADO";"9777.69";"CANASTA"
"1329";"E12202";"PERNIL REF MAR COMPENSADA JUMBO";"1";"1";"REFRIGERADO";"6314.97";"CANASTA"
"1330";"E12203";"ALA C/C REF MAR COMPENSADA JUMBO";"1";"1";"REFRIGERADO";"6273.09";"CANASTA"
"1331";"E12204";"TROZOS CONGELADOS CF";"1";"1";"CONGELADO";"9040";"CANASTA"
"1332";"E12205";"PIEL CONGELADA CF";"1";"1";"CONGELADO";"858";"CANASTA"
"1333";"E12206";"PUNTA DE ALA";"10";"10";"CONGELADO";"2655";"CANASTA"
"1334";"E12207";"FILETE DE PECHUGA S/M 200-220 GR";"1";"1";"CONGELADO";"12423";"CANASTA"
"1335";"E12208";"FILETE DE PECHUGA S/M 290-320 GR";"1";"1";"CONGELADO";"12310";"CANASTA"
"1336";"E12209";"FILETE DE PECHUGA X 10 UND";"12";"12";"CONGELADO";"15480.09";"CANASTA"
"1337";"E12210";"FILETE 1/2 PECHU X 10 REF S/M W";"1";"1";"REFRIGERADO";"16529.47";"CANASTA"
"1338";"E12211";"FILETE DE CONTRAMUSLO X 15 REF S/M W";"1";"1";"REFRIGERADO";"16565.47";"CANASTA"
"1339";"E12212";"PECHUGA SIN PIEL X 4 REF S/M W";"1";"1";"REFRIGERADO";"12876.27";"CANASTA"
"1340";"E12213";"MUSLO X 12 SIN PIEL REF S/M W";"1";"1";"REFRIGERADO";"11173.04";"CANASTA"
"1341";"E12214";"LOMITOS TROZOS DE POLLO REFRIGERADOS M W";"1";"1";"REFRIGERADO";"12124.5";"CANASTA"
"1342";"E12215";"FILETE PECHUGA REF 330-360 X 5 UND W";"1";"1";"REFRIGERADO";"16413.3";"CANASTA"
"1343";"E12216";"FILETE PECHUGA REF 90-100 X 5 UND W";"1";"1";"REFRIGERADO";"17037.28";"CANASTA"
"1344";"E12217";"1/2 POLLO S/ALA,S/MOÑON, REF ADO VACIO W";"1";"1";"REFRIGERADO";"9626.23";"CANASTA"
"1345";"E12219";"FILETE 1/2 PECHU X 2 REF S/M VACIO W";"1";"1";"REFRIGERADO";"18281.82";"CANASTA"
"1346";"E12220";"MINICHUZOS CONTRAMUSLO X 6 REF  VACIO W";"1";"1";"REFRIGERADO";"17598.96";"CANASTA"
"1347";"E12223";"CONTRAMUSLO X 6 REF M W";"1";"1";"REFRIGERADO";"9483.42";"CANASTA"
"1348";"E12224";"FILETE PECHU X 2 REF M W";"1";"1";"REFRIGERADO";"16229.67";"CANASTA"
"1349";"E12225";"MUSLO X 6 REF MAR W";"1";"1";"REFRIGERADO";"7890.98";"CANASTA"
"1350";"E12226";"PECHUGA X 2 REF MAR W";"1";"1";"REFRIGERADO";"10301.51";"CANASTA"
"1351";"E12230";"HUESO ESPECIAL DE POLLO (PESCUEZO) REF W";"1";"1";"REFRIGERADO";"3738.72";"CANASTA"
"1359";"E11000";"POLLO MARINADO SIN CLASIFICAR";"8";"8";"CONGELADO";"6642.15";"CANASTA"
"1360";"E11001";"POLLO ASADERO 1.0-1.4";"15";"10";"CONGELADO";"6661.1";"CANASTA"
"1361";"E11002";"POLLO ASADERO 1.6 - 1.8";"10";"10";"CONGELADO";"6635.04";"CANASTA"
"1362";"E11003";"POLLO ASADERO 1.4 - 1.6";"15";"10";"CONGELADO";"6646.21";"CANASTA"
"1365";"E11007";"COMBO POLLO X 2";"5";"5";"CONGELADO";"7029.34";"CANASTA"
"1366";"E11008";"POLLO SIN VISCERA SIN MARINAR";"12";"12";"CONGELADO";"7358";"CANASTA"
"1367";"E11009";"POLLO SIN VISCERA REFRIGERADO";"10";"10";"REFRIGERADO";"8107.41";"CANASTA"
"1368";"E11010";"POLLO CV POLLOCOA";"10";"10";"CONGELADO";"6250.7";"CANASTA"
"1369";"E11011";"POLLO CON VISCERA (1.7 - 2.0)";"10";"10";"CONGELADO";"6650.33";"CANASTA"
"1370";"E11014";"POLLO S/V POLLOCOA REFRIGERADO I";"13";"13";"REFRIGERADO";"6440";"CANASTA"
"1371";"E11017";"POLLO REFRIGERADO 5 - 6 BROSTY";"13";"13";"REFRIGERADO";"7335";"CANASTA"
"1372";"E11018";"POLLO ASADERO 1.8 - 2.0";"10";"10";"CONGELADO";"6626.36";"CANASTA"
"1373";"E11019";"POLLO ASADERO 2.0 -2.2";"12";"12";"CONGELADO";"6619.41";"CANASTA"
"1374";"E11020";"POLLO ASADERO 2.2 -2.6";"10";"10";"CONGELADO";"6631.28";"CANASTA"
"1375";"E11021";"POLLO REFRIGERADO 1.6- 1.7 BROSTY";"13";"13";"REFRIGERADO";"7334";"CANASTA"
"1376";"E11026";"COCOROTAS SUBPRODUCTOS";"25";"25";"CONGELADO";"781";"CANASTA"
"1381";"E11034";"POLLO ASADERO MAYOR A 2.6";"10";"10";"CONGELADO";"6604.98";"CANASTA"
"1382";"E11035";"POLLO REFRIGERADO 1 1.6 1.8";"13";"13";"REFRIGERADO";"8136.5";"CANASTA"
"1383";"E11036";"POLLO REFRIGERADO 2 (1.8-2.0)";"10";"10";"REFRIGERADO";"8131.27";"CANASTA"
"1384";"E11037";"POLLO REFRIGERADO 3 (2.0-2.2)";"10";"10";"REFRIGERADO";"8127.09";"CANASTA"
"1385";"E11038";"POLLO REFRIGERADO 4 (MAYOR 2.2)";"13";"13";"REFRIGERADO";"7356";"CANASTA"
"1386";"E12028";"PERNIL EXITO REFRIGERADO";"10";"10";"REFRIGERADO";"4466";"CANASTA"
"1387";"E12029";"PECHUGA INDIVIDUAL";"20";"20";"CONGELADO";"8468.3";"CANASTA"
"1388";"E12030";"FILETE DE CONTRAMUSLO REFRIGERADO";"100";"50";"REFRIGERADO";"15703.72";"CANASTA"
"1389";"E11039";"POLLO MARINADO REF A (1.7-1.9)";"10";"10";"REFRIGERADO";"7320.71";"CANASTA"
"1390";"E11040";"POLLO MARINADO REF B (1.9-2.2)";"10";"10";"REFRIGERADO";"7316.16";"CANASTA"
"1391";"E11041";"POLLO MARINADO REF C (2.5-2.8)";"10";"10";"REFRIGERADO";"7308.66";"CANASTA"
"1393";"E11043";"POLLO CV POLLOCOA 2.0 - 2.2";"10";"10";"CONGELADO";"6256.98";"CANASTA"
"1394";"E11044";"POLLO CV FRESCAMPO UND";"10";"10";"CONGELADO";"6511.31";"CANASTA"
"1395";"E11045";"POLLO ENTERO S/V REF MAR COMPENSADO JUMB";"12";"12";"REFRIGERADO";"7897.82";"CANASTA"
"1396";"E12031";"FILETE PECHUGA BANDEJA";"16";"16";"CONGELADO";"15961.83";"CANASTA"
"1397";"E11046";"POLLO ASADERO 2.2 -2.6 POR UNIDAD";"0";"0";"CONGELADO";"6991.69";"CANASTA"
"1398";"E11047";"POLLO ENTERO REFRIGERADO S/M DIZAMAR";"13";"13";"REFRIGERADO";"8688.83";"CANASTA"
"1400";"E12032";"PECHUGA PRESA SUELTA";"4";"4";"CONGELADO";"8699.59";"CANASTA"
"1405";"E12034";"MUSLO REFRIGERADO";"1";"1";"REFRIGERADO";"7797.14";"CANASTA"
"1407";"E12035";"CONTRAMUSLO REFRIGERADO";"1";"1";"REFRIGERADO";"9659.82";"CANASTA"
"1409";"E12036";"RECORTE ECONOMICO";"25";"25";"CONGELADO";"7244";"CANASTA"
"1411";"E12037";"RECORTE BOLSA";"12";"12";"CONGELADO";"7207.11";"CANASTA"
"1414";"E12001";"PECHUGA X 2";"12";"12";"CONGELADO";"8799.32";"CANASTA"
"1415";"E12002";"PECHUGA REFRIGERADA";"25";"25";"REFRIGERADO";"10723.92";"CANASTA"
"1416";"E12038";"PERNIL INDIVIDUAL";"30";"30";"CONGELADO";"5679.5";"CANASTA"
"1417";"E12003";"PECHUGA REF MARINADA";"25";"25";"REFRIGERADO";"8345";"CANASTA"
"1419";"E12039";"PERNIL PRESA SUELTA";"4";"4";"CONGELADO";"5783.64";"CANASTA"
"1420";"E12006";"MUSLO X 6";"16";"16";"CONGELADO";"6894.29";"CANASTA"
"1421";"E12040";"SUPER PECHUGA DE POLLO INDIVIDUAL";"10";"10";"CONGELADO";"9072.34";"CANASTA"
"1422";"E12007";"SUPERMUSLOS";"8";"8";"CONGELADO";"6985.89";"CANASTA"
"1423";"E12041";"SUPERCONTRAMUSLO";"12";"12";"CONGELADO";"8601.76";"CANASTA"
"1424";"E12042";"ALITAS S/C REFRIGERADA MARINADA GRANEL";"100";"100";"REFRIGERADO";"5090";"CANASTA"
"1426";"E12043";"ALAS X 3 PROMOCIÓN";"0";"0";"CONGELADO";"4388";"CANASTA"
"1427";"E12010";"CONTRAMUSLOS MARINADOS BANDEJA";"16";"16";"CONGELADO";"8210.62";"CANASTA"
"1428";"E12011";"ALA C/C REFRIGERADA";"1";"1";"REFRIGERADO";"6187.9";"CANASTA"
"1429";"E12044";"CONTRAMUSLO REFRIGERADO PROCESO A VA";"1";"1";"REFRIGERADO";"9582.42";"CANASTA"
"1430";"E12012";"CONTRAMUSLOS C/R CAJA X 5 LB";"6";"6";"CONGELADO";"3715";"CANASTA"
"1431";"E12013";"PERNIL X 2";"20";"20";"CONGELADO";"6367.16";"CANASTA"
"1432";"E12047";"POLLO COMPENSADO CORTE PERNIL";"10";"10";"REFRIGERADO";"8353.03";"CANASTA"
"1433";"E12049";"PECHUGA REFRIGERADA EXITO";"10";"10";"REFRIGERADO";"9685";"CANASTA"
"1434";"E12014";"PERNIL C/R MARINADO REF E";"1";"1";"REFRIGERADO";"4354";"CANASTA"
"1435";"E12052";"ALAS C/C EXITO REFRIGERADA SIN MARINAR";"1";"1";"REFRIGERADO";"4306";"CANASTA"
"1436";"E12015";"PERNIL CAJA X 5 LB";"6";"6";"CONGELADO";"6118.35";"CANASTA"
"1439";"E12054";"FILETE DE PECHUGA 300 G X 10 UND";"10";"10";"CONGELADO";"16067.89";"CANASTA"
"1440";"E12017";"ALAS X 3";"16";"16";"CONGELADO";"6020.91";"CANASTA"
"1441";"E12055";"FILETE DE PECHUGA X 5 UND";"10";"10";"CONGELADO";"15707.17";"CANASTA"
"1442";"E12018";"ALA INDIVIDUAL";"20";"20";"CONGELADO";"5479.78";"CANASTA"
"1443";"E12019";"ALA PRINCIPE";"1";"1";"CONGELADO";"5395.06";"CANASTA"
"1444";"E12057";"ALAS S/C X 20 PRESA SUELTA";"4";"4";"CONGELADO";"8486.86";"CANASTA"
"1446";"E12058";"COSTILLARES EN BANDEJA";"16";"16";"CONGELADO";"3860";"CANASTA"
"1447";"E12021";"RETAL";"16";"16";"CONGELADO";"3985";"CANASTA"
"1448";"E12059";"CHULETA DE PECHUGA";"16";"16";"CONGELADO";"10646.33";"CANASTA"
"1449";"E12022";"RABADILLA BANDEJA X 3";"16";"16";"CONGELADO";"4087.72";"CANASTA"
"1450";"E12023";"RABADILLA BOLSA";"20";"20";"CONGELADO";"3820.26";"CANASTA"
"1451";"E12024";"MERCADOS";"1";"1";"REFRIGERADO";"2596";"CANASTA"
"1452";"E12061";"POLLO COMPLETO PRESA SUELTA S/V MARINADO";"7";"7";"CONGELADO";"7189.1";"CANASTA"
"1453";"E12025";"AJIACO ESPECIAL";"25";"25";"CONGELADO";"7769.16";"CANASTA"
"1454";"E12026";"FILETE DE PECHUGA BLOQUE";"1";"1";"REFRIGERADO";"16089.89";"CANASTA"
"1455";"E12062";"ALITAS S/C REFRIGERADAS";"1";"1";"REFRIGERADO";"8851.07";"CANASTA"
"1460";"E12066";"PERNIL PRESA SUELTA GRANEL E";"1";"1";"CONGELADO";"4247";"CANASTA"
"1461";"E12068";"ALAS C/C REF M";"1";"1";"REFRIGERADO";"4302";"CANASTA"
"1463";"E12070";"PERNIL S/R REFRIGERADO SM";"100";"50";"REFRIGERADO";"0";"CANASTA"
"1464";"E12071";"ALITAS X 8 S/C BANDEJA";"18";"18";"CONGELADO";"5646";"CANASTA"
"1465";"E12084";"ALITAS Y MUSLITOS PROCESO A VA";"1";"1";"REFRIGERADO";"6255.36";"CANASTA"
"1466";"E12085";"FILETE BANDEJA FRESCAMPO";"16";"16";"CONGELADO";"16180.72";"CANASTA"
"1467";"E12086";"MUSLO X 5 FRESCAMPO UND";"16";"16";"CONGELADO";"7132.57";"CANASTA"
"1468";"E12088";"PERNIL PROCESO";"1";"1";"REFRIGERADO";"3377";"CANASTA"
"1469";"E12090";"FILETE REFRIGERADO MARINADO";"1";"1";"REFRIGERADO";"15608.68";"CANASTA"
"1471";"E12094";"CONTRAMUSLO PARA SIN PIEL";"0";"0";"CONGELADO";"4711";"CANASTA"
"1472";"E12096";"PERNIL S/R REF TURBAN";"1";"1";"REFRIGERADO";"8200.88";"CANASTA"
"1477";"E12102";"AJIACO ESPECIAL EXITO";"25";"25";"CONGELADO";"7769.16";"CANASTA"
"1478";"E12103";"RABADILLA BOLSA EXITO UND";"20";"20";"CONGELADO";"3820.07";"CANASTA"
"1479";"E12105";"PECHUGA ESPECIAL EXITO";"30";"30";"CONGELADO";"8474.46";"CANASTA"
"1480";"E12106";"PECHUGA SIN PIEL ESPECIAL EXITO";"30";"30";"CONGELADO";"11344.32";"CANASTA"
"1481";"E12107";"ALA PRINCIPE REFRIGERADA";"1";"1";"REFRIGERADO";"5951.31";"CANASTA"
"1483";"E12110";"MUSLO PROCESO A VA";"1";"1";"REFRIGERADO";"4388";"CANASTA"
"1484";"E12111";"MUSLO PRESA SUELTA X 10";"7";"7";"CONGELADO";"6524.6";"CANASTA"
"1485";"E12112";"CONTRAMUSLO PROCESO";"1";"1";"REFRIGERADO";"7348.86";"CANASTA"
"1486";"E12113";"CONTRAMUSLO PRESA SUELTA";"4";"4";"CONGELADO";"7938.32";"CANASTA"
"1487";"E12114";"PECHUGA PARA CHULETA PROCESO VA A BPT";"1";"1";"CONGELADO";"7686.06";"CANASTA"
"1488";"E12116";"FILETE DE CONTRAMUSLO";"1";"1";"REFRIGERADO";"15703.72";"CANASTA"
"1489";"E12117";"PECHUGA X 1 BANDEJA";"14";"14";"CONGELADO";"8990.38";"CANASTA"
"1490";"E12118";"MUSLO PRESA SUELTA";"4";"4";"CONGELADO";"6594.17";"CANASTA"
"1492";"E12122";"PRESAS CDM";"1";"1";"CONGELADO";"1707.32";"CANASTA"
"1493";"E12125";"HUESO CDM";"1";"1";"CONGELADO";"286.72";"CANASTA"
"1494";"E12126";"TROZOS REFRIGERADOS CF";"1";"1";"REFRIGERADO";"7996.03";"CANASTA"
"1496";"E12130";"CONTRAMUSLO X 6 FRESCAMPO";"16";"16";"CONGELADO";"8211.97";"CANASTA"
"1497";"E12132";"RABADILLA REFRIGERADA SM";"1";"1";"REFRIGERADO";"4411.88";"CANASTA"
"1498";"E12133";"FILETE REFRIGERADO BANDEJA JUMBO";"20";"20";"REFRIGERADO";"11602";"CANASTA"
"1499";"E12135";"ALAS X 8 S/C JUMBO";"18";"18";"REFRIGERADO";"6346";"CANASTA"
"1500";"E12136";"ALAS X 3 JUMBO";"0";"0";"REFRIGERADO";"5219";"CANASTA"
"1501";"E12137";"POLLO ENTERO BJA JUMBO";"10";"0";"REFRIGERADO";"7614";"CANASTA"
"1502";"E12138";"MUSLO X6 JUMBO";"18";"18";"REFRIGERADO";"6874";"CANASTA"
"1503";"E12139";"PERNIL CON RABADILLA DE CAMPO S/M";"1";"1";"REFRIGERADO";"7087";"CANASTA"
"1504";"E12141";"ALAS PRESA SUELTA";"4";"4";"CONGELADO";"5866.92";"CANASTA"
"1505";"E12142";"CONTRAMUSLO X 6 JUMBO";"18";"0";"REFRIGERADO";"7372";"CANASTA"
"1506";"E12143";"PECHUGAS PROCESO A VA";"1";"1";"REFRIGERADO";"9862.38";"CANASTA"
"1507";"E12144";"FILETE DE PECHUGA 200 G  X 10 UND";"6";"6";"CONGELADO";"15773.81";"CANASTA"
"1508";"E12145";"FILETE DE PECHUGA DE 330 -350 GR";"6";"6";"CONGELADO";"15568.02";"CANASTA"
"1509";"E12146";"ALAS  X 3 FRESCAMPO";"16";"16";"CONGELADO";"6009.4";"CANASTA"
"1510";"E12147";"PERNIL CANASTA";"1";"1";"CONGELADO";"4176";"CANASTA"
"1511";"E12148";"CONTRAMUSLO CANASTA CONGELADO MAR";"1";"1";"CONGELADO";"5509";"CANASTA"
"1512";"E12149";"MUSLO CANASTA CONGELADO MAR";"1";"1";"CONGELADO";"6375.73";"CANASTA"
"1513";"E12150";"PECHUGAS X 2 FRESCAMPO";"12";"12";"CONGELADO";"8817.66";"CANASTA"
"1514";"E12151";"PECHUGA SIN PIEL BANDEJA";"12";"12";"CONGELADO";"11997.1";"CANASTA"
"1515";"E12152";"CONTRAMUSLO SIN PIEL BANDEJA";"16";"16";"CONGELADO";"11267.31";"CANASTA"
"1516";"E12153";"FILETE DE PECHUGA 150 G X 10 UND";"12";"12";"CONGELADO";"15947.93";"CANASTA"
"1517";"E12154";"MUSLO X 6 PROMOCIÓN";"0";"0";"CONGELADO";"5742";"CANASTA"
"1518";"E12155";"CONTRAMUSLO X 6 PROMOCION";"1";"1";"CONGELADO";"4695.8";"CANASTA"
"1519";"E12156";"PERNIL INDIVIDUAL EXITO";"30";"30";"CONGELADO";"3998";"CANASTA"
"1520";"E12157";"PECHUGA REFRIGERADA MARINADA S/I EXITO";"25";"25";"REFRIGERADO";"9702.48";"CANASTA"
"1521";"E12158";"MUSLO REFRIGERADO MARINADO S/I EXITO";"1";"1";"REFRIGERADO";"7054.55";"CANASTA"
"1522";"E12159";"CONTRAMUSLO REFRIGERADO MARINADO S/I EXI";"1";"1";"REFRIGERADO";"8672.57";"CANASTA"
"1523";"E12231";"LOMITOS PECHUGA REF M AL VACIO W";"1";"1";"REFRIGERADO";"21088.84";"CANASTA"
"1524";"E12232";"FILETE DE CONTRA X 2 REF S/M AL VACIO W";"1";"1";"REFRIGERADO";"20265.75";"CANASTA"
"1525";"E12233";"MINICHUZOS LOMITOS PECH X 6 REF VACIO W";"1";"1";"REFRIGERADO";"19457.63";"CANASTA"
"1526";"E12234";"COLOMBINA DE POLLO REF S/M GRANEL";"1";"1";"REFRIGERADO";"9405";"CANASTA"
"1528";"E12236";"MUSLO X 6 T";"18";"18";"CONGELADO";"8020.55";"CANASTA"
"1529";"E12237";"CONTRAMUSLOS X 6 T";"18";"18";"CONGELADO";"8681.72";"CANASTA"
"1530";"E12238";"PECHUGA X 2 T";"14";"14";"CONGELADO";"6747";"CANASTA"
"1531";"E12239";"PECHUGA X 1 BANDEJA T";"20";"20";"CONGELADO";"6851";"CANASTA"
"1533";"E12241";"RECORTE BOLSA DA";"20";"20";"CONGELADO";"6760.25";"DOBLE CANASTILLA"
"1536";"E12244";"MUSLO PDV UND";"1";"1";"CONGELADO";"6594.17";"CANASTA"
"1537";"E12245";"CONTRAMUSLO PDV UND";"1";"1";"CONGELADO";"7938.32";"CANASTA"
"1538";"E12246";"PUNTA DE ALA A GRANEL PRESA SUELTA CONGE";"1";"1";"CONGELADO";"3467";"CANASTA"
"1539";"E12247";"MIX SURTIDO DE POLLO ";"30";"30";"CONGELADO";"5876.46";"CANASTA"
"1540";"E12251";"MIX SURTIDO PAGUE 6 LLEVE 7";"0";"0";"CONGELADO";"2730";"CANASTA"
"1542";"E12253";"PECHUGA INDIVIDUAL S 500 A 700 GR";"0";"0";"CONGELADO";"6257";"CANASTA"
"1543";"E12254";"PECHUGA INDIVIDUAL M 700 A 900 GR";"0";"0";"CONGELADO";"6257";"CANASTA"
"1544";"E12255";"PECHUGA INDIVIDUAL L MAYOR A 900GR";"0";"0";"CONGELADO";"6257";"CANASTA"
"1546";"E12263";"POLLO COMPLETO DESPRESADO S/V 1.8 UND";"7";"7";"CONGELADO";"7266.51";"CANASTA"
"1547";"E12264";"CONTRAMUSLO SIN PIEL R X 12 S/M FAMI EU";"1";"1";"REFRIGERADO";"12267.85";"CANASTA"
"1548";"E12265";"FILETE 1/2 PECHUGA REF S/M FAMI EU";"1";"1";"REFRIGERADO";"16967.77";"CANASTA"
"1549";"E12666";"MUSLO SIN PIEL R X 12 S/M FAMI EU";"1";"1";"REFRIGERADO";"11423.04";"CANASTA"
"1550";"E12667";"PECHUGA SIN PIEL R X 4 S/M FAMI EU";"1";"1";"REFRIGERADO";"13302.76";"CANASTA"
"1552";"E12669";"MUSLO CON PIEL R X12 S/M FAMI EU";"1";"1";"REFRIGERADO";"5481";"CANASTA"
"1555";"E13001";"MENUDENCIA FINA BANDEJA";"32";"32";"CONGELADO";"6172.86";"CANASTA"
"1556";"E13002";"HIGADO BOLSA";"20";"20";"REFRIGERADO";"4892.53";"CANASTA"
"1557";"E13003";"MOLLEJA BOLSA";"20";"20";"REFRIGERADO";"6997.06";"CANASTA"
"1558";"E13004";"CORAZON BOLSA";"20";"20";"REFRIGERADO";"5449.68";"CANASTA"
"1559";"E13005";"PATAS Y CABEZA UNIDAD";"20";"20";"CONGELADO";"2789.85";"CANASTA"
"1560";"E13006";"CUELLOS REFRIGERADOS";"20";"20";"REFRIGERADO";"2045.25";"CANASTA"
"1561";"E13008";"PIEL BLOQUE";"1";"1";"CONGELADO";"1523";"CANASTA"
"1562";"E13009";"HUESO BOLSA";"12";"12";"CONGELADO";"2359";"CANASTA"
"1563";"E13010";"MENUDENCIA FINA X UND";"32";"32";"CONGELADO";"6196.23";"CANASTA"
"1564";"E13011";"PIEL REFRIGERADA PARA PROCESAR";"1";"1";"REFRIGERADO";"1868.39";"CANASTA"
"1565";"E13012";"MENUDENCIA FINA OBSEQUIO";"40";"40";"CONGELADO";"3811";"CANASTA"
"1566";"E13013";"PATAS A GRANEL";"20";"20";"REFRIGERADO";"3489.75";"CANASTA"
"1568";"E13015";"CARTILAGOS";"1";"1";"CONGELADO";"1363";"CANASTA"
"1569";"E13019";"PATAS Y CABEZAS EX UND";"20";"20";"CONGELADO";"2803.9";"CANASTA"
"1570";"E13021";"PATAS Y CABEZAS A GRANEL BL CONGELADAS";"1";"1";"CONGELADO";"2735.2";"CANASTA"
"1571";"E13022";"PIEL REFRIGERADA CF";"1";"1";"REFRIGERADO";"768.15";"CANASTA"
"1572";"E13023";"PATAS Y CABEZAS PROMOCIÓN";"0";"0";"CONGELADO";"1107.77";"CANASTA"
"1576";"E13027";"CABEZAS GRANEL CONGELADAS";"1";"1";"CONGELADO";"1200";"CANASTA"
"1578";"E13029";"MENUDENCIA FINA BOLSA 450GR UND";"40";"40";"CONGELADO";"5797.4";"DOBLE CANASTILLA"
"1579";"E14007";"FILETE PECHUGA COUNTRY CLUB";"18";"18";"CONGELADO";"15774.75";"CANASTA"
"1580";"E14022";"CONTRAMUSLOS C/R CAJA X 5 LB PROMOCION";"100";"50";"CONGELADO";"3715";"CANASTA"
"1581";"E14044";"OFERTA POLLO MAYOR A 2.6 UND";"0";"0";"CONGELADO";"5795";"CANASTA"
"1583";"E15009";"CDM CONGELADA CARNES FRIAS";"1";"1";"CONGELADO";"3342";"CANASTA"
"1584";"E15012";"TROZOS DE POLLO AP 1000 GR UND";"2";"2";"CONGELADO";"14452.53";"CANASTA"
"1585";"E15014";"TROZOS DE PECHUGA BLOQUE";"1";"1";"CONGELADO";"9040.22";"CANASTA"
"1586";"E15015";"TROZOS DE PECHUGA REFRIGERADOS";"0";"0";"REFRIGERADO";"9040.22";"CANASTA"
"1587";"E15016";"TROZOS PECHUGA BOLSA 1000 G UND";"15";"15";"CONGELADO";"9100.24";"CANASTA"
"1588";"E15017";"TROZOS DE CONTRAMUSLO BOLSA 1000G UND";"4";"4";"CONGELADO";"10304.15";"CANASTA"
"1589";"E15018";"TROZOS DE PECHUGA  REF CARNES FRIAS";"1";"1";"REFRIGERADO";"9780";"CANASTA"
"1590";"E16001";"ALA C/C A GRANEL PRESA SUELTA";"2";"2";"CONGELADO";"5097.08";"CANASTA"
"1591";"E16002";"MUSLO PROCESO PRESA SUELTA A BPT";"1";"1";"CONGELADO";"6741.06";"CANASTA"
"1592";"E16003";"CONTRAMUSLO PROCESO PRESA SUELTA A BPT";"1";"1";"CONGELADO";"7504.63";"CANASTA"
"1593";"E16004";"PERNIL A GRANEL PRESA SUELTA";"1";"1";"CONGELADO";"5345.91";"CANASTA"
"1594";"E16005";"PECHUGA A GRANEL PRESA SUELTA";"1";"1";"CONGELADO";"7698.92";"CANASTA"
"1595";"E16017";"CONTRA C/RAB PROCESO COMPENSADO A BPT";"2";"2";"CONGELADO";"7504.63";"CANASTA"
"1596";"E16007";"PECHUGA PROCESO VA A BPT";"1";"1";"CONGELADO";"9882.95";"CANASTA"
"1597";"E16008";"ALA x 20 PROCESO PRESA SUELTA A BPT";"1";"1";"CONGELADO";"5023.33";"CANASTA"
"1598";"E16009";"PUNTA DE ALA PROCESO PRESA SUELTA A BPT";"2";"2";"CONGELADO";"5000.83";"CANASTA"
"1599";"E16011";"1/2CONTRA RAB PROCESO PRESA SUELTA A BPT";"1";"1";"CONGELADO";"7504.63";"CANASTA"
"1600";"E16012";"CONTRA PULIDO PROCESO PRESA SUELTA A BPT";"1";"1";"CONGELADO";"7504.63";"CANASTA"
"1601";"E16015";"FILETE DE PECHUGA PROCESO A VA";"0";"0";"REFRIGERADO";"14778.29";"CANASTA"
"1602";"E16016";"MUSLO PROCESO COMPENSADO A BPT";"2";"2";"CONGELADO";"6741.06";"CANASTA"
"1603";"E16018";"ALA PROCESO COMPENSADO A BPT";"2";"2";"CONGELADO";"5097.08";"CANASTA"
"1604";"E16019";"PECHUGA PROCESO COMPENSADO A BPT";"2";"2";"CONGELADO";"7698.92";"CANASTA"
"1605";"E16020";"CONTRAMUSLO P.S.x10 MAKRO PROCESO A BPT";"2";"2";"CONGELADO";"7534.7";"CANASTA"
"1606";"E16021";"CONTRAMUSLO P.S.x15 MAKRO PROCESO A BPT";"2";"2";"CONGELADO";"7340.66";"DOBLE CANASTILLA"
"1607";"E16022";"MUSLO P.S. TROZO PERNIL PROCESO A BPT";"2";"2";"CONGELADO";"6741.06";"CANASTA"
"1608";"E16023";"MUSLO P.S.x15 MAKRO PROCESO A BPT";"2";"2";"CONGELADO";"6818.51";"DOBLE CANASTILLA"
"1609";"E16024";"COLOMBINA P.S.x30 MAKRO PROCESO A BPT";"2";"2";"CONGELADO";"5000.83";"DOBLE CANASTILLA"
"1610";"E16025";"FILETE P.S. PECH.x10 MAKRO PROCESO A BPT";"1";"1";"CONGELADO";"14101.34";"CANASTA"
"1611";"E16026";"FILETE P.S. PECH.x15 MAKRO PROCESO A BPT";"1";"1";"CONGELADO";"14315.87";"CANASTA"
"1612";"E16027";"LOMITOS P.S. PECHUGA MAKRO PROCESO A BPT";"1";"1";"CONGELADO";"14177.56";"CANASTA"
"1613";"E16028";"FILETES P.S. PECHUGAx10 PROCESO A BPT";"1";"1";"CONGELADO";"14213.58";"CANASTA"
"1614";"E16033";"COSTILLARES PROCESO PRESA SUELTA A BPT";"2";"2";"CONGELADO";"3584.49";"CANASTA"
"1615";"E16034";"TROZOS MUSLO PRESA SUELTA A BPT";"1";"1";"CONGELADO";"6741.06";"CANASTA"
"1616";"E16039";"HUESO PECHUGA PARA CDM REFR";"1";"1";"REFRIGERADO";"430.99";"CANASTA"
"1617";"E16040";"COSTILLARES PARA CDM REF";"1";"1";"REFRIGERADO";"2466.24";"CANASTA"
"1618";"E16041";"RABADILLA PARA CDM REF";"1";"1";"REFRIGERADO";"3263.64";"CANASTA"
"1619";"E16042";"CARTILAGOS PARA CDM REF";"1";"1";"REFRIGERADO";"430.99";"CANASTA"
"1620";"E16043";"PUNTAS DE MUSLOS PARA CDM REF";"1";"1";"REFRIGERADO";"430.99";"CANASTA"
"1621";"E16048";"PASTA DE POLLO CDM REFR";"1";"1";"REFRIGERADO";"2588";"CANASTA"
"1622";"E16049";"HUESO PECHUGA PARA CDM CNG";"1";"1";"CONGELADO";"430.99";"CANASTA"
"1623";"E16050";"COSTILLARES PARA CDM CNG";"1";"1";"CONGELADO";"2464.43";"CANASTA"
"1624";"E16051";"RABADILLA PARA CDM CNG";"1";"1";"CONGELADO";"3263.64";"CANASTA"
"1625";"E16052";"CARTILAGOS PARA CDM CNG";"1";"1";"CONGELADO";"430.99";"CANASTA"
"1626";"E16053";"PUNTAS DE MUSLOS PARA CDM CNG";"1";"1";"CONGELADO";"430.99";"CANASTA"
"1627";"E16058";"PASTA DE POLLO CDM CONG";"1";"1";"CONGELADO";"3342";"CANASTA"
"1628";"E16063";"PECHUGA PROCESO TERCEROS";"1";"1";"REFRIGERADO";"9861.35";"CANASTA"
"1633";"E12698";"FILETE PECHUGA MUNDO VERDE REF MAR";"1";"1";"REFRIGERADO";"16115.03";"CANASTA"
"1634";"E16013";"FILETE CONTRA PROCESO A VA";"1";"1";"REFRIGERADO";"14780.33";"CANASTA"
"1635";"E16006";"POLLO SIN VISCERA REFR. PROCESO A VA";"1";"1";"REFRIGERADO";"5556";"CANASTA"
"1636";"E16014";"FILETE CONTRA TOMBL. PROCESO A VA";"1";"1";"REFRIGERADO";"14779.3";"CANASTA"
"1640";"E12221";"FILETE 1/2 PECHU X 2 REF FINAS H VACIO W";"1";"1";"REFRIGERADO";"19863.58";"CANASTA"
"1641";"E12222";"ALITAS DE POLLO ADOB REF VACIO W";"1";"1";"REFRIGERADO";"12178.14";"CANASTA"
"1642";"E12227";"FILETE PECHU REF  FINAS HIERBAS GRANEL W";"1";"1";"REFRIGERADO";"17479.35";"CANASTA"
"1643";"E12228";"FILETE CONTRAMUSLO";"1";"1";"REFRIGERADO";"16826.18";"CANASTA"
"1644";"E12229";"ALITAS DE POLLO PICANTES REF GRANEL W";"1";"1";"REFRIGERADO";"10911.01";"CANASTA"
"1645";"E14001";"CHUZO X 10 POLLOCOA UND";"1";"1";"CONGELADO";"16344.5";"CANASTA"
"1646";"E14002";"ALITAS DE POLLO ADOBADAS PICANTES";"18";"18";"CONGELADO";"11879.56";"CANASTA"
"1647";"E14003";"ALITAS DE POLLO ADOBADAS BBQ UND";"18";"18";"CONGELADO";"12079.34";"CANASTA"
"1648";"E14004";"FILETES DE PECHUGA ADOBADOS BBQ";"18";"18";"CONGELADO";"19902.04";"CANASTA"
"1649";"E14005";"FILETE DE PECHUGA ADOB FINAS HIERBAS UND";"18";"18";"CONGELADO";"18712.09";"CANASTA"
"1650";"E14008";"CHUZO X 3 FRESCAMPO UND";"20";"20";"CONGELADO";"16737.31";"CANASTA"
"1651";"E14020";"POLLO ENTERO ADOBADO";"10";"10";"CONGELADO";"8804.07";"CANASTA"
"1652";"E14038";"CHUZO X 3 POLLOCOA 570 GR UND";"20";"20";"CONGELADO";"17081.17";"CANASTA"
"1653";"E15011";"POLLO ADOBADO REFRIGERADO AL VACIO UND";"9";"9";"REFRIGERADO";"9716.15";"CANASTA"
"1655";"E13031";"MIX DE VISCERAS X 450GR";"20";"20";"CONGELADO";"3013";"CANASTA"
"1656";"E12701";"MEDIO POLLO DESPRESADO 900GR UN";"1";"1";"CONGELADO";"7636.45";"CANASTA"
"1657";"E12702";"TROZOS DE PERNIL 900GR UND";"16";"16";"CONGELADO";"5899.78";"CANASTA"
"1662";"E17001";"COMBO #1";"0";"0";"SIN ASIGNAR";"0";"CANASTA"
"1663";"E17002";"COMBO #2";"0";"0";"SIN ASIGNAR";"0";"CANASTA"
"1664";"E17003";"COMBO #3";"0";"0";"SIN ASIGNAR";"0";"CANASTA"
"1665";"E12266";"CONTRAMUSLOS MARINADOS BANDEJA DA";"0";"0";"CONGELADO";"8210.62";"CANASTA"
"1666";"E12267";"MUSLO X 6 DA";"0";"0";"CONGELADO";"6894.29";"CANASTA"
"1667";"E12268";"PECHUGA X 2 DA";"0";"0";"CONGELADO";"8799.32";"CANASTA"
"1668";"E12269";"PERNIL X 2 DA";"0";"0";"CONGELADO";"6367.16";"CANASTA"
"1669";"E12270";"FILETE PECHUGA X 7 DA";"18";"18";"CONGELADO";"16161.82";"CANASTA"
"1670";"E12271";"PECHUGA SIN PIEL BANDEJA DA";"0";"0";"CONGELADO";"11997.1";"CANASTA"
"1671";"E12272";"CONTRAMUSLO SIN PIEL BANDEJA DA";"0";"0";"CONGELADO";"11267.31";"CANASTA"
"1672";"E12273";"FILETE PECHUGA BANDEJA DA";"1";"1";"CONGELADO";"15961.83";"CANASTA"
"1673";"E12274";"CONTRAMUSLO PRESA SUELTA DA";"0";"0";"CONGELADO";"7938.32";"CANASTA"
"1674";"E12275";"MUSLO PRESA SUELTA DA";"0";"0";"CONGELADO";"6594.17";"CANASTA"
"1675";"E12276";"PECHUGA PRESA SUELTA DA";"0";"0";"CONGELADO";"8839.93";"CANASTA"
"1677";"E12277";"RECORTE BOLSA PROMOCION";"0";"0";"SIN ASIGNAR";"0";"CANASTA"
"1680";"E11050";"POLLO ASADERO 2.2 - 2.6 UND DA";"1";"1";"CONGELADO";"6991.69";"CANASTA"
"1681";"E12703";"AJIACO ESPECIAL DA";"0";"0";"CONGELADO";"7769.16";"CANASTA"
"1682";"E12704";"ALAS S/C X 20 PRESA SUELTA DA";"0";"0";"CONGELADO";"8486.86";"CANASTA"
"1683";"E12075";"SNACK TROZOS BANDEJA MARINADOS DA";"25";"25";"CONGELADO";"12598.94";"CANASTA"
"1684";"E12705";"OFERTA PECHUGA + PERNIL";"1";"1";"CONGELADO";"6599";"CANASTA"
"1685";"E14058";"FILETE DE PECHUGA INSTITUCIONAL X 15 UND";"1";"1";"CONGELADO";"11757";"CANASTA"
"1686";"E11024";"POLLO REFRIGERADO EX SIN MARINAR";"10";"10";"REFRIGERADO";"8107.41";"CANASTA"
"1687";"E11051";"POLLO REFRIGERADO 1.5- 1.7 BRASAS";"13";"13";"REFRIGERADO";"8702.2";"CANASTA"
"1688";"E12278";"PECHUGA INDIVIDUAL DA";"0";"0";"CONGELADO";"8468.3";"CANASTA"
"1690";"E16044";"CUELLOS PARA CDM REF";"1";"1";"REFRIGERADO";"1276.8";"CANASTA"
"1691";"E16045";"PRESAS PARA CDM REF";"1";"1";"REFRIGERADO";"1532.23";"CANASTA"
"1692";"E16046";"MATERIA PRIMA PARA CDM";"1";"1";"REFRIGERADO";"0";"CANASTA"
"1693";"E12708";"MUSLO Y CONTRAMUSLO C/R  PRESA SUELTA";"4";"4";"CONGELADO";"7618.4";"CANASTA"
"1694";"E12709";"MEDIO POLLO DESPRESADO PRESA SUELTA";"1";"1";"CONGELADO";"7636.45";"CANASTA"
"1695";"E12279";"PERNIL PRESA SUELTA DA";"1";"1";"CONGELADO";"5783.64";"CANASTA"
"1696";"E12710";"ALAS C/C GRANEL MARINADAS";"1";"1";"CONGELADO";"5444.81";"CANASTA"
"1697";"E13032";"MENUDENCIA FINA CADENAS";"0";"0";"CONGELADO";"5797.4";"CANASTA"
"1698";"14058";"MUESTRA LOMO NAVIDENO";"0";"0";"SIN ASIGNAR";"0";"CANASTA"
"1699";"14059";"MUESTRAS LOMO CON CHAMPINONES X 850";"0";"0";"SIN ASIGNAR";"0";"CANASTA"
"1700";"14060";"MUESTRA LOMO DE PECHUGA";"0";"0";"SIN ASIGNAR";"0";"CANASTA"
"1701";"14061";"MUESTRA LOMO DE POLLO CON ESPECIAS";"0";"0";"SIN ASIGNAR";"0";"CANASTA"
"1702";"E12076";"SNACK TROZOS BANDEJA MAR OBSEQUIO DA";"1";"1";"CONGELADO";"9075";"CANASTA"
"1703";"E13033";"PATAS CONGELADAS BOLSA";"20";"20";"CONGELADO";"3660.6";"CANASTA"
"1704";"E12280";"SUPERMUSLOS DA";"1";"1";"CONGELADO";"6985.89";"CANASTA"
"1705";"E12281";"SUPERCONTRAMUSLO DA";"1";"1";"CONGELADO";"8601.76";"CANASTA"
"1706";"E12282";"SUPERPECHUGA DA";"1";"1";"CONGELADO";"9072.34";"CANASTA"
"1707";"E13034";"MENUDENCIA FINA REFIGERADA";"1";"1";"REFRIGERADO";"6120.85";"CANASTA"
"1708";"E14039";"FILETES DE PECHUGA ADOB MIEL MOSTAZA";"1";"1";"CONGELADO";"20241.53";"CANASTA"
"1709";"E14040";"ALITAS DE POLLO ADOB MIEL MOSTAZA UND";"1";"1";"CONGELADO";"12142.45";"CANASTA"
"1710";"E14062";"MUESTRAS FILETES DE PECHUGA MARINADOS";"1";"1";"CONGELADO";"3812";"CANASTA"
"1711";"E14063";"MUESTRAS FILETES DE PECHUGA MIEL MOSTAZA";"1";"1";"CONGELADO";"20815";"CANASTA"
"1712";"E14064";"MUESTRAS ALITAS DE POLLO MIEL MOSTAZA";"1";"1";"CONGELADO";"11968";"CANASTA"
"1713";"14062";"CARNE MOLIDA CONDIMENTADA ESTANDAR X 500";"0";"0";"SIN ASIGNAR";"4494";"CANASTA"
"1714";"E13035";"EMULSION DE PIEL";"1";"1";"CONGELADO";"2622";"CANASTA"
"1715";"E12089";"CHULETA DE PECHUGA POR UNIDAD";"0";"0";"SIN ASIGNAR";"10646.33";"CANASTA"
"1716";"E14065";"FILETE DE PECHUGA APANADO 500 GR UND";"1";"1";"CONGELADO";"24831.23";"CANASTA"
"1717";"E14066";"TROZOS DE PECHUGA APANADOS 500 GR UND";"1";"1";"CONGELADO";"21948.72";"CANASTA"
"1718";"E14067";"MUESTRA FILETE DE PECHUGA APANADO 100 GR";"1";"1";"CONGELADO";"11493";"CANASTA"
"1719";"E14068";"MUESTRA TROZOS DE PECHUGA APANADO 100 GR";"1";"1";"CONGELADO";"11493";"CANASTA"
"1720";"E12711";"MUSLO P/S X 10 UND";"0";"0";"SIN ASIGNAR";"0";"CANASTA"
"1721";"E12712";"MUSLO P/S X 15 UND";"0";"0";"SIN ASIGNAR";"0";"CANASTA"
"1722";"E13036";"SOBRANTES DE PIEL";"1";"1";"CONGELADO";"2264.27";"CANASTA"
"1723";"E12713";"MUSLO PRESA SUELTA X 6 UND";"1";"1";"CONGELADO";"5909";"CANASTA"
"1724";"E12714";"CONTRAMUSLO PRESA SUELTA X 6 UND";"1";"1";"CONGELADO";"6240";"CANASTA"
"1725";"14069";"CARNE MOLIDA ESTANDAR X 500 PROMOCION";"0";"0";"SIN ASIGNAR";"0";"CANASTA"
"1726";"E11110";"POLLO PROCESO PENDIENTE";"1";"1";"REFRIGERADO";"7807.73";"CANASTA"
"1727";"E12715";"MINICHUZOS CONTRAMUSLO X 6 REF VACIO DA";"1";"1";"REFRIGERADO";"15449.55";"CANASTA"
"1728";"E12716";"FILETE 1/2 PECH X 2 REF FINAS H VACIO DA";"1";"1";"REFRIGERADO";"19863.58";"CANASTA"
"1729";"E12717";"FILETE 1/2 PECHU X 10 REF S/M DA";"1";"1";"REFRIGERADO";"16524.11";"CANASTA"
"1730";"E12718";"FILETE DE CONTRAMUSLO X 15 REF S/M DA";"1";"1";"REFRIGERADO";"16557.04";"CANASTA"
"1732";"E12719";"MUSLO X 5 REF S/M FRUTIVO";"1";"1";"REFRIGERADO";"8313.49";"CANASTA"
"1733";"E12720";"PERNIL X 2 REF S/M FRUTIVO";"1";"1";"REFRIGERADO";"8179";"CANASTA"
"1734";"E12721";"PECHUGA X 2 REF S/M FRUTIVO";"1";"1";"REFRIGERADO";"11860.19";"CANASTA"
"1735";"E12722";"CONTRAMUSLO X 6 REF S/M FRUTIVO";"1";"1";"REFRIGERADO";"11437.79";"CANASTA"
"1736";"E12723";"FILETE PECHU X 2 REF S/M FRUTIVO";"1";"1";"REFRIGERADO";"17615.65";"CANASTA"
"1737";"E14041";"MIX SURTIDO PAGUE 12 LLEVE 13";"0";"0";"SIN ASIGNAR";"0";"CANASTA"
"1738";"E12121";"RECORTE BOLSA 12 X 13";"0";"0";"SIN ASIGNAR";"12121.5";"CANASTA"
"1739";"E12257";"PECHUGA SIN PIEL REF S/M A GRANEL";"0";"0";"SIN ASIGNAR";"12480.62";"CANASTA"
"1740";"E12258";"CONTRAMUSLO SIN PIEL REF S/M A GRANEL";"0";"0";"SIN ASIGNAR";"11445.71";"CANASTA"
"1741";"E12259";"MUSLO SIN PIEL REF S/M A GRANEL";"0";"0";"SIN ASIGNAR";"10600.9";"CANASTA"
"1742";"E16010";"1/2 PECHUGA PRESA SUELTA A BPT";"2";"2";"CONGELADO";"7496";"CANASTA"
"1743";"E12724";"MUSLO PRESA SUELTA X 5";"16";"16";"CONGELADO";"6890.55";"CANASTA"
"1744";"E12725";"CONTRAMUSLO PRESA SUELTA X 5";"7";"7";"CONGELADO";"8255.29";"CANASTA"
"1745";"E12726";"MEDIA PECHUGA PRESA SUELTA X 5";"7";"7";"CONGELADO";"9031.72";"CANASTA"
"1746";"E12727";"CHULETA DE PECHUGA PRESA SUELTA";"16";"16";"CONGELADO";"10063.39";"CANASTA"
"1747";"E12728";"ALAS S/C X 10 PRESA SUELTA";"7";"7";"CONGELADO";"8639.21";"CANASTA"
"1748";"E13038";"HIGADO CANASTA";"1";"1";"REFRIGERADO";"1300";"CANASTA"
"1750";"E11052";"POLLO ASADERO MAYOR A 2.8";"8";"8";"CONGELADO";"6960.82";"CANASTA"
"1751";"E14069";"CHUZO X 5 UND";"0";"0";"SIN ASIGNAR";"16339.85";"CANASTA"
"1752";"E12706";"PECHUGA INDIVIDUAL DA";"0";"0";"SIN ASIGNAR";"0";"CANASTA"
"1753";"E12284";"MEDIA PECHUGA PRESA SUELTA DA";"0";"0";"SIN ASIGNAR";"0";"CANASTA"
"1754";"E12285";"MUSLO PRESA SUELTA X 5 DA";"0";"0";"SIN ASIGNAR";"0";"CANASTA"
"1755";"E12286";"CONTRAMUSLO PRESA SUELTA X 5 DA";"0";"0";"SIN ASIGNAR";"0";"CANASTA"
"1756";"E12287";"CHULETA DE PECHUGA PRESA SUELTA DA";"0";"0";"SIN ASIGNAR";"0";"CANASTA"
"1757";"E12288";"ALAS S/C X 10 PRESA SUELTA DA";"0";"0";"SIN ASIGNAR";"0";"CANASTA"
"1759";"E12729";"CONTRAMUSLO PRESA SUELTA X 4";"12";"12";"CONGELADO";"8255.29";"CANASTA"
"1760";"E11106";"PIEL TERCEROS";"0";"0";"SIN ASIGNAR";"0";"CANASTA"
"1761";"E12731";"ALAS C/C POLLO DE CAMPO A GRANEL";"1";"1";"CONGELADO";"5776.2";"CANASTA"
"1762";"E12732";"MUSLO POLLO DE CAMPO A GRANEL";"1";"1";"CONGELADO";"6532.78";"CANASTA"
"1763";"E12733";"CONTRAMUSLO A GRANEL CONG MAR CAMPESINO";"1";"1";"CONGELADO";"7616";"CANASTA"
"1764";"E12734";"PECHUGA POLLO DE CAMPO A GRANEL";"1";"1";"CONGELADO";"8674.99";"CANASTA"
"1765";"E12730";"CONTRAMUSLO C/R PRESA SUELTA X 3";"16";"16";"CONGELADO";"7699.68";"CANASTA"
"1767";"E11053";"POLLO MARINADO CONGELADO S/V DE CAMPO";"8";"8";"CONGELADO";"7556.36";"CANASTA"
"1768";"E11054";"POLLO MARINADO S/V20 2,4-2,8";"10";"10";"CONGELADO";"7448.79";"CANASTA"
"1769";"E12289";"CONTRAMUSLO PRESA SUELTA X 4 DA";"0";"0";"SIN ASIGNAR";"0";"CANASTA"
"1770";"E12736";"PERNIL C/R DE CAMPO";"1";"1";"CONGELADO";"5759.16";"CANASTA"
"1771";"E11055";"POLLO MARINADO CONGELADO S/V 2.7-3.0";"10";"10";"SIN ASIGNAR";"7431.29";"CANASTA"
"1772";"E12735";"MEDIA PECHUGA PRESA SUELTA X 3";"12";"12";"CONGELADO";"9401.31";"CANASTA"
"1774";"E12737";"PERNIL C/R POLLO DE CAMPO INDIVIDUAL";"30";"30";"CONGELADO";"6015.57";"CANASTA"
"1775";"E12738";"PECHUGA POLLO DE CAMPO INDIVIDUAL";"20";"20";"CONGELADO";"8801.69";"CANASTA"
"1776";"E11057";"POLLO MARINADO CONGELADO S/V20 2,0-2,2";"10";"10";"CONGELADO";"7119";"CANASTA"
"1778";"E12260";"FILETE 1/2 PECHU X 10 REF M W";"0";"0";"SIN ASIGNAR";"16289.34";"CANASTA"
"1779";"E12262";"PECHUGA SIN PIEL X 4 REF M W";"0";"0";"SIN ASIGNAR";"11677.66";"CANASTA"
"1780";"E12261";"MUSLO X 12 SIN PIEL REF M W";"0";"0";"SIN ASIGNAR";"10515.89";"CANASTA"
"1781";"E12290";"FILETE DE CONTRAMUSLO X 15 REF M W";"0";"0";"SIN ASIGNAR";"15163.77";"CANASTA"
"1782";"E12045";"PERNIL C/R POLLO DE CAMPO INDV DA";"30";"30";"CONGELADO";"5839";"CANASTA"
"1783";"E12067";"PECHUGA POLLO DE CAMPO INDIVIDUAL  DA";"20";"20";"CONGELADO";"8064";"CANASTA"
"1784";"E11015";"POLLO CAMPO MARINADO CONGELADO  SV DA";"8";"8";"CONGELADO";"7075";"CANASTA"
"1785";"E12073";"PERNIL SIN RABADILLA DE CAMPO S/M";"1";"1";"REFRIGERADO";"8532.27";"CANASTA"
"1786";"E12072";"PECHUGA DE CAMPO REFRIGERADA SIN MARINAR";"25";"25";"REFRIGERADO";"11057.31";"CANASTA"
"1787";"E12248";"RECORTE ECONOMICO PAGUE 12 LLEVE 13";"0";"0";"SIN ASIGNAR";"0";"CANASTA"
"1788";"E11058";"POLLO ENTERO REFRIGERADO DE CAMPO S/M";"10";"10";"REFRIGERADO";"8245.65";"CANASTA"
"1789";"E13039";"CORAZON BOLSA S/I";"20";"20";"REFRIGERADO";"5189.56";"CANASTA"
"1790";"E13040";"HIGADO BOLSA S/I";"20";"20";"REFRIGERADO";"4375.42";"CANASTA"
"1791";"E13041";"PATAS A GRANEL S/I";"20";"20";"REFRIGERADO";"3007.12";"CANASTA"
"1792";"E13042";"MOLLEJA BOLSA S/I";"20";"20";"REFRIGERADO";"6749.29";"CANASTA"
"1793";"E12128";"ALA C/C REFRIGERADA MARINADA";"1";"1";"REFRIGERADO";"5691";"CANASTA"
"1794";"14039";"CHORIZO DE POLLO X 10 UND";"0";"0";"SIN ASIGNAR";"7488";"CANASTA"
"1795";"E14009";"MEDIO FILETE DE PECHUGA 250 - 270 g";"0";"0";"SIN ASIGNAR";"0";"CANASTA"
"1796";"14041";"CHORIZO DE POLLO 900 G PROMOCION";"0";"0";"SIN ASIGNAR";"7488";"CANASTA"
"1797";"E11025";"POLLO MAR CONGELADO SIN CLASIFICAR CHOCO";"8";"8";"CONGELADO";"7431.29";"CANASTA"
"1798";"E12077";"PECHUGA DE CAMPO MAR REF A GRANEL";"1";"1";"REFRIGERADO";"9855.62";"CANASTA"
"1799";"E12078";"PERNIL DE CAMPO MAR REF A GRANEL";"1";"1";"REFRIGERADO";"6391.38";"CANASTA"
"1800";"E12083";"ALA C/C DE CAMPO MAR REF A GRANEL";"1";"1";"REFRIGERADO";"6330.37";"CANASTA"
"1801";"14070";"SALCHICHON DE POLLO CERVECERO X 450 G";"0";"0";"SIN ASIGNAR";"0";"CANASTA"
"1802";"E11059";"POLLO ENTERO MUESTRA (I+D)";"10";"10";"SIN ASIGNAR";"6635.04";"CANASTA"
"1803";"E12129";"PECHUGA DE POLLO CONG MUESTRAS (I+D)";"10";"10";"CONGELADO";"7987.45";"CANASTA"
"1804";"E12291";"PECHUGA DE POLLO R MUESTRAS (I+D)";"10";"10";"REFRIGERADO";"0";"CANASTA"
"1805";"E12292";"MUSLOS DE POLLO CONG (I+D)";"10";"10";"CONGELADO";"7058.82";"CANASTA"
"1806";"E12293";"MUSLOS DE POLLO REF (I+D)";"10";"10";"REFRIGERADO";"0";"CANASTA"
"1807";"E12295";"CONTRAMUSLO  DE POLLO REF (I+D)";"10";"10";"REFRIGERADO";"1";"CANASTA"
"1808";"E12294";"CONTRAMUSLO  DE POLLO CONG (I+D)";"10";"10";"CONGELADO";"7799.99";"CANASTA"
"1809";"E12296";"PERNIL DE POLLO CONG (I+D)";"10";"10";"CONGELADO";"5643.49";"CANASTA"
"1810";"E12297";"PERNIL DE POLLO REF (I+D)";"10";"10";"REFRIGERADO";"0";"CANASTA"
"1811";"E12299";"ALA SIN COSTILLAR MAR REF (I+D)";"10";"10";"REFRIGERADO";"0";"CANASTA"
"1812";"E12298";"ALA SIN COSTILLAR MAR CONG (I+D)";"10";"10";"CONGELADO";"0";"CANASTA"
"1813";"E12300";"ALA CON COSTILLAR MAR CONG (I+D)";"10";"10";"CONGELADO";"5395.06";"CANASTA"
"1814";"E12301";"ALA CON COSTILLAR MAR REF (I+D)";"10";"10";"REFRIGERADO";"0";"CANASTA"
"1815";"14064";"MUESTRAS TOCINETA";"10";"10";"SIN ASIGNAR";"18870";"CANASTA"
"1816";"E12302";"MUESTRAS  POLLO (I+D)";"10";"10";"CONGELADO";"7316.16";"CANASTA"
"1817";"E12283";"FILETE DE PECHUGA PDV UND";"0";"0";"SIN ASIGNAR";"0";"CANASTA"
"1818";"E12303";"FILETE DE PERNIL SIN MARINAR";"10";"10";"REFRIGERADO";"13698";"CANASTA"
"1819";"E12741";"PERNIL S/R MARINADO REFRIGERADO";"1";"1";"REFRIGERADO";"7295";"CANASTA"
"1820";"15020";"BUTIFARRA + OBSEQUIO";"0";"0";"SIN ASIGNAR";"0";"CANASTA"
"1821";"E12304";"FILETE DE PECHUGA 120 G X 10 UND";"12";"12";"CONGELADO";"15875";"CANASTA"
"1822";"14065";"REMOLIDO BUTIFARRA";"0";"0";"SIN ASIGNAR";"0";"CANASTA"
"1823";"E14070";"FILETE PECHUGA M INST 95-105";"4";"4";"CONGELADO";"15700";"CANASTA"
"1824";"E14071";"FILETE DE PECHUGA INSTI 115-125";"4";"4";"CONGELADO";"15680";"CANASTA"
"1825";"E14072";"FILETE DE PECHUGA INSTI 145-155";"4";"4";"CONGELADO";"15660";"CANASTA"
"1826";"E14073";"FILETE DE PECHUGA INST 195-205";"4";"4";"CONGELADO";"15640";"CANASTA"
"1827";"E12046";"MEDIO POLLO DE CAMPO";"7";"7";"CONGELADO";"7537";"CANASTA"
"1828";"E14074";"FILETE DE PECHUGA INST 295-305";"0";"0";"SIN ASIGNAR";"0";"CANASTA"
"1829";"E16029";"ALAS C/C DE CAMPO REFRIGERADAS SM";"1";"1";"REFRIGERADO";"7026";"CANASTA"
"1830";"E16030";"FILETE DE PECHUGA DE CAMPO SM A GRANEL";"1";"1";"REFRIGERADO";"16237";"CANASTA"
"1831";"E16031";"ALAS SIN COSTILLAR CAMPO SM A GRANEL";"1";"1";"REFRIGERADO";"9182";"CANASTA"
"1832";"E16032";"POLLO MARINADO CONGELADO S/V DE CAMPO DA";"0";"0";"SIN ASIGNAR";"0";"CANASTA"
"1833";"E16035";"PECHUGA POLLO DE CAMPO INDIVIDUAL DA";"0";"0";"SIN ASIGNAR";"0";"CANASTA"
"1834";"E16036";"PERNIL C/R POLLO DE CAMPO INDIVIDUAL DA";"0";"0";"SIN ASIGNAR";"0";"CANASTA"
"1835";"E16037";"MEDIO POLLO DE CAMPO DA";"0";"0";"SIN ASIGNAR";"0";"CANASTA"
"1836";"E16038";"FILETE DE PECHUGA CAMPO X7";"12";"12";"CONGELADO";"16083";"CANASTA"
"1837";"E16059";"FILETE DE PECHUGA CAMPO X7 DA";"10";"10";"CONGELADO";"16083";"CANASTA"
"1838";"E13043";"CABEZAS A GRANEL REFRIGERADAS";"1";"1";"REFRIGERADO";"1200";"CANASTA"
"1839";"E15013";"TROZOS PECHUGA BOLSA 1000 G UND DA";"0";"0";"SIN ASIGNAR";"0";"CANASTA"
"1840";"E14006";"POLLO DE CAMPO AL VACIO - BARRIL";"10";"10";"REFRIGERADO";"11492";"CANASTA"
"1841";"E14010";"POLLO DE CAMPO AL VACIO - BARRIL DA";"10";"10";"REFRIGERADO";"11492";"CANASTA"
"1842";"E12305";"POLLO COMPENSADO CORTE X7";"12";"12";"REFRIGERADO";"7597";"CANASTA"
"1843";"E12306";"MUSLO MARINADO REFRIGERADO";"30";"30";"REFRIGERADO";"7054.55";"CANASTA"
"1844";"E12307";"ALAS S/C MARINADAS REFRIGERADAS";"30";"30";"REFRIGERADO";"7597";"CANASTA"
"1845";"E12308";"FAJITAS DE PECHUGA MARINADAS";"30";"30";"REFRIGERADO";"11786";"CANASTA"
"1846";"14066";"RECORTES TOCINETA DE POLLO";"0";"0";"SIN ASIGNAR";"0";"CANASTA"
"1847";"E13044";"PATAS DE SEGUNDA A GRANEL";"1";"1";"REFRIGERADO";"260";"CANASTA"
"1848";"E12309";"PECHUGA CAMPO (56%) S/ALA GRANEL";"1";"1";"CONGELADO";"8060";"CANASTA"
"1849";"E12310";"MUSLO CAMPO (20%) S/ALA GRANEL";"1";"1";"CONGELADO";"8060";"CANASTA"
"1850";"E12311";"CONTRAMUSLO CAMPO (24%) S/ALA GRANEL";"1";"1";"CONGELADO";"8060";"CANASTA"
"1851";"E12312";"POLLO DE CAMPO DESPRESADO S/ALA GRANEL";"1";"1";"CONGELADO";"8060";"CANASTA"
"1852";"E13045";"PATA INDUSTRIAL";"1";"1";"CONGELADO";"260";"CANASTA"
"1853";"E17004";"COMBO DISTRIDIAZ";"0";"0";"SIN ASIGNAR";"0";"CANASTA"
"1854";"15021";"OBSEQUIO CF BUTIFARRA";"0";"0";"SIN ASIGNAR";"0";"CANASTA"
"1855";"E12742";"MUSLO X5 DE CAMPO S/M JUMBO";"16";"16";"REFRIGERADO";"9690";"CANASTA"
"1856";"E12743";"CONTRAMUSLO X 5 CAMPO S/M JUMBO";"16";"16";"REFRIGERADO";"11185";"CANASTA"
"1857";"E11119";"POLLO CAMPO DESPRESADO S/M REF BANDEJA";"10";"10";"REFRIGERADO";"10797";"CANASTA"
"1858";"E12744";"PECHUGA REFRIGERADA DE CAMPO S/M BANDEJA";"12";"12";"REFRIGERADO";"12459";"CANASTA"
"1859";"E11060";"POLLO ENTERO REFRIGERADO SIN MARINAR CV";"13";"13";"REFRIGERADO";"8107.41";"CANASTA"
"1860";"E13046";"MENUDENCIA FINA GRANEL COMPENSADA";"25";"25";"REFRIGERADO";"0";"CANASTA"
"1861";"E12745";"MEDIA PECHUGA DE CAMPO P/S X 3";"12";"12";"CONGELADO";"9586";"CANASTA"
"1862";"E12746";"MUSLO PRESA SUELTA DE CAMPO X 5";"16";"16";"CONGELADO";"7075";"CANASTA"
"1863";"E12747";"CONTRAMUSLO DE CAMPO PRESA SUELTA X 4";"12";"12";"CONGELADO";"8440";"CANASTA"
"1864";"E12748";"ALAS S/C X 7 DE CAMPO PRESA SUELTA";"12";"12";"CONGELADO";"8735";"CANASTA"
"1865";"E12313";"FILETE DE CONTRAMUSLO MARINADO";"6";"6";"REFRIGERADO";"14463";"CANASTA"
"1866";"E13047";"MENUDENCIA FINA BOLSA OBSEQUIO";"0";"0";"SIN ASIGNAR";"0";"CANASTA"
"1867";"E13048";"MENUDENCIA FINA BANDEJA OBSEQUIO";"0";"0";"SIN ASIGNAR";"0";"CANASTA"
"1868";"E12749";"CONTRAMUSLO S/R DE CAMPO PS A GRANEL";"0";"0";"SIN ASIGNAR";"0";"CANASTA"
"1869";"E12750";"PECHUGA IND TERMOENCOGIDA";"16";"16";"CONGELADO";"8468.3";"CANASTA"
"1870";"15023";"BUTIFARRA 500g PROMOCION 2x1";"0";"0";"SIN ASIGNAR";"0";"CANASTA"
"1871";"E12752";"CONTRAMUSLO CAMPO SR MAR - REF A GRANEL";"0";"0";"SIN ASIGNAR";"0";"CANASTA"
"1872";"E12753";"CONTRAMUSLO DE CAMPO SR SM REFRIGERADO";"0";"0";"SIN ASIGNAR";"0";"CANASTA"
"1873";"E12754";"MUSLO DE CAMPO MARINADO REF A GRAN";"0";"0";"SIN ASIGNAR";"0";"CANASTA"
"1874";"E12755";"MUSLO DE CAMPO REF A GRANEL";"0";"0";"SIN ASIGNAR";"0";"CANASTA"

