id;referencia;descripcion;meses;dias;id_pro
"772";"E11060";"POLLO ENTERO REFRIGERADO SIN MARINAR CV";"0";"12";"10007"
"773";"E13046";"MENUDENCIA FINA GRANEL COMPENSADA";"0";"12";"10012"
"774";"E12745";"MEDIA PECHUGA DE CAMPO P/S X 3";"8";"0";"10081"
"775";"E12746";"MUSLO PRESA SUELTA DE CAMPO X 5";"8";"0";"10084"
"776";"E12747";"CONTRAMUSLO DE CAMPO PRESA SUELTA X 4";"8";"0";"10085"
"777";"E12748";"ALAS S/C X 7 DE CAMPO PRESA SUELTA";"8";"0";"10086"
"779";"E12313";"FILETE DE CONTRAMUSLO MARINADO";"0";"9";"10352"
"780";"E13047";"MENUDENCIA FINA BOLSA OBSEQUIO";"7";"0";"10362"
"781";"E13048";"MENUDENCIA FINA BANDEJA OBSEQUIO";"7";"0";"10363"
"783";"E12749";"CONTRAMUSLO S/R DE CAMPO PS A GRANEL";"8";"0";"10430"
"785";"E12750";"PECHUGA IND TERMOENCOGIDA";"8";"0";"10580"
"107";"11000";"POLLO MARINADO SIN CLASIFICAR";"12";"0";"12"
"111";"11009";"POLLO SIN VISCERA REFRIGERADO";"0";"12";"126"
"112";"11003";"POLLO ASADERO 1.4 - 1.6";"12";"0";"127"
"113";"11018";"POLLO ASADERO 1.8 - 2.0";"12";"0";"128"
"345";"E12160";"ALA C/C REFRIGERADA MARINADA S/I EXITO";"0";"12";"1292"
"347";"E12162";"MUSLO X 2 SIN PIEL REF S/M SINGLE PACK";"0";"12";"1294"
"348";"E12163";"FILETE 1/2 PECHU X 2 REF S/M SINGLE PACK";"0";"12";"1295"
"349";"E12164";"PECHUGA SIN PIEL X 1 REF S/M SINGLE PACK";"0";"12";"1296"
"350";"E12165";"CONTRAMUSLO SIN PIEL X 3 REF S/M SINGLE";"0";"12";"1297"
"351";"E12166";"MUSLO X 2 REF S/M SINGLE PACK";"0";"12";"1298"
"352";"E12167";"PERNIL X 1 REF S/M SINGLE PACK";"0";"12";"1299"
"353";"E12168";"PECHUGA X1 REF S/M SINGLE PACK";"0";"12";"1300"
"354";"E12169";"CONTRAMUSLO X 2 REF S/M SINGLE PACK";"0";"12";"1301"
"355";"E12170";"ALA S/C X 4 REF S/M SINGLE PACK";"0";"12";"1302"
"356";"E12171";"MUSLO X 5 SIN PIEL REF S/M JUMBO";"0";"9";"1303"
"357";"E12172";"FILETE PECHU X 2 REF S/M JUMBO";"0";"9";"1304"
"358";"E12173";"PECHUGA SIN PIEL X 2 REF S/M JUMBO";"0";"9";"1305"
"359";"E12174";"CONTRAMUSLO SIN PIEL X 6 REF S/M JUMBO";"0";"9";"1306"
"360";"E12175";"COLOMBINA DE POLLO X 14 REF S/M JUMBO";"0";"12";"1307"
"361";"E12176";"MUSLO X 5 REF S/M JUMBO";"0";"12";"1308"
"362";"E12177";"PERNIL X 2 REF S/M JUMBO";"0";"12";"1309"
"363";"E12178";"PECHUGA X 2 REF S/M JUMBO";"0";"12";"1310"
"364";"E12179";"CONTRAMUSLO X 6 REF S/M JUMBO";"0";"12";"1311"
"365";"E12180";"ALA S/C X 8 REF S/M JUMBO";"0";"12";"1312"
"366";"E12181";"POLLO ENTERO S/V REF S/M JUMBO";"0";"12";"1313"
"367";"E12182";"MUSLO X 12 SIN PIEL REF S/M FAMILY";"0";"12";"1314"
"368";"E12183";"FILETE 1/2 PECHU REF S/M FAMILY";"0";"12";"1315"
"369";"E12184";"PECHUGA SIN PIEL X 4 REF S/M FAMILY";"0";"12";"1316"
"370";"E12185";"CONTRAMUSLO SIN PIEL X 12 REF S/M FAMILY";"0";"12";"1317"
"371";"E12186";"MUSLO X12 REF S/M FAMILY";"0";"12";"1318"
"372";"E12187";"ALA S/C X 20 REF S/M FAMILY";"0";"12";"1319"
"373";"E12188";"PECHUGA X 4 REF S/M FAMILY";"0";"12";"1320"
"374";"E12189";"COLOMBINA DE POLLO X 30 REF S/M FAMILY";"0";"12";"1321"
"375";"E12190";"CONTRAMUSLO X 12 REF S/M FAMILY";"0";"12";"1322"
"376";"E12191";"CONTRAMUSLO PRESA SUELTA X 10 MAKRO";"8";"0";"1323"
"377";"E12192";"CONTRAMUSLO PRESA SUELTA X 15 MAKRO";"8";"0";"1324"
"378";"E12193";"COLOMBINA DE ALA  PRESA SULTA X 30 MAKRO";"8";"0";"1325"
"379";"E12194";"MUSLO PRESA SUELTA X 15 MAKRO";"8";"0";"1326"
"380";"E12195";"MUSLO PRESA SUELTA X 10 MAKRO";"8";"0";"1327"
"381";"E12196";"LOMITOS DE PECHUGA PRESA SUELTA MAKRO";"7";"0";"1328"
"382";"E12197";"TROZOS DE PECHUGA BOLSA MAKRO";"8";"0";"1329"
"383";"E12198";"FILETE DE PECHUGA X 15 MAKRO";"7";"0";"1330"
"384";"E12199";"FILETE DE PECHUGA X 10 MAKRO";"7";"0";"1331"
"385";"E12200";"ALAS S/C X 20 PRESA SUELTA MAKRO";"8";"0";"1332"
"386";"E12201";"PECHUGA REF MAR COMPENSADA JUMBO";"0";"12";"1333"
"387";"E12202";"PERNIL REF MAR COMPENSADA JUMBO";"0";"12";"1334"
"388";"E12203";"ALA C/C REF MAR COMPENSADA JUMBO";"0";"12";"1335"
"389";"E12204";"TROZOS CONGELADOS CF";"7";"0";"1336"
"390";"E12205";"PIEL CONGELADA CF";"7";"0";"1337"
"391";"E12206";"PUNTA DE ALA";"8";"0";"1338"
"392";"E12207";"FILETE DE PECHUGA S/M 200-220 GR";"8";"0";"1339"
"393";"E12208";"FILETE DE PECHUGA S/M 290-320 GR";"7";"0";"1340"
"394";"E12209";"FILETE DE PECHUGA X 10 UND";"7";"0";"1341"
"395";"E12210";"FILETE 1/2 PECHU X 10 REF S/M W";"0";"12";"1342"
"396";"E12211";"FILETE DE CONTRAMUSLO X 15 REF S/M W";"0";"12";"1343"
"397";"E12212";"PECHUGA SIN PIEL X 4 REF S/M W";"0";"12";"1344"
"398";"E12213";"MUSLO X 12 SIN PIEL REF S/M W";"0";"12";"1345"
"399";"E12214";"LOMITOS TROZOS DE POLLO REFRIGERADOS M W";"0";"12";"1346"
"400";"E12215";"FILETE PECHUGA REF 330-360 X 5 UND W";"0";"12";"1347"
"401";"E12216";"FILETE PECHUGA REF 90-100 X 5 UND W";"0";"12";"1348"
"402";"E12217";"1/2 POLLO S/ALA,S/MOÑON, REF ADO VACIO W";"0";"15";"1349"
"403";"E12219";"FILETE 1/2 PECHU X 2 REF S/M VACIO W";"0";"12";"1350"
"404";"E12220";"MINICHUZOS CONTRAMUSLO X 6 REF  VACIO W";"0";"15";"1351"
"405";"E12223";"CONTRAMUSLO X 6 REF M W";"0";"12";"1352"
"406";"E12224";"FILETE PECHU X 2 REF M W";"0";"12";"1353"
"407";"E12225";"MUSLO X 6 REF MAR W";"0";"12";"1354"
"408";"E12226";"PECHUGA X 2 REF MAR W";"0";"12";"1355"
"409";"E12230";"HUESO ESPECIAL DE POLLO (PESCUEZO) REF W";"0";"9";"1356"
"415";"E11000";"POLLO MARINADO SIN CLASIFICAR";"12";"0";"1365"
"416";"E11001";"POLLO ASADERO 1.0-1.4";"12";"0";"1366"
"417";"E11002";"POLLO ASADERO 1.6 - 1.8";"12";"0";"1367"
"418";"E11003";"POLLO ASADERO 1.4 - 1.6";"12";"0";"1368"
"421";"E11007";"COMBO POLLO X 2";"8";"0";"1372"
"422";"E11008";"POLLO SIN VISCERA SIN MARINAR";"0";"12";"1373"
"423";"E11009";"POLLO SIN VISCERA REFRIGERADO";"0";"12";"1374"
"424";"E11010";"POLLO CV POLLOCOA";"12";"0";"1375"
"425";"E11011";"POLLO CON VISCERA (1.7 - 2.0)";"12";"0";"1376"
"426";"E11014";"POLLO S/V POLLOCOA REFRIGERADO I";"0";"12";"1379"
"427";"E11017";"POLLO REFRIGERADO 5 - 6 BROSTY";"0";"12";"1381"
"428";"E11018";"POLLO ASADERO 1.8 - 2.0";"12";"0";"1382"
"429";"E11019";"POLLO ASADERO 2.0 -2.2";"12";"0";"1383"
"430";"E11020";"POLLO ASADERO 2.2 -2.6";"12";"0";"1384"
"431";"E11021";"POLLO REFRIGERADO 1.6- 1.7 BROSTY";"0";"12";"1385"
"675";"E11024";"POLLO REFRIGERADO EX SIN MARINAR";"0";"12";"1388"
"432";"E11026";"COCOROTAS SUBPRODUCTOS";"12";"0";"1390"
"436";"E11034";"POLLO ASADERO MAYOR A 2.6";"12";"0";"1398"
"437";"E11035";"POLLO REFRIGERADO 1 1.6 1.8";"0";"12";"1399"
"438";"E11036";"POLLO REFRIGERADO 2 (1.8-2.0)";"0";"12";"1400"
"439";"E11037";"POLLO REFRIGERADO 3 (2.0-2.2)";"0";"12";"1401"
"440";"E11038";"POLLO REFRIGERADO 4 (MAYOR 2.2)";"0";"12";"1402"
"441";"E12028";"PERNIL EXITO REFRIGERADO";"0";"12";"1403"
"442";"E12029";"PECHUGA INDIVIDUAL";"8";"0";"1404"
"443";"E12030";"FILETE DE CONTRAMUSLO REFRIGERADO";"0";"12";"1405"
"444";"E11039";"POLLO MARINADO REF A (1.7-1.9)";"0";"12";"1406"
"445";"E11040";"POLLO MARINADO REF B (1.9-2.2)";"0";"12";"1407"
"446";"E11041";"POLLO MARINADO REF C (2.5-2.8)";"0";"12";"1408"
"447";"E11043";"POLLO CV POLLOCOA 2.0 - 2.2";"12";"0";"1410"
"448";"E11044";"POLLO CV FRESCAMPO UND";"12";"0";"1411"
"449";"E11045";"POLLO ENTERO S/V REF MAR COMPENSADO JUMB";"0";"12";"1412"
"450";"E12031";"FILETE PECHUGA BANDEJA";"7";"0";"1413"
"451";"E11046";"POLLO ASADERO 2.2 -2.6 POR UNIDAD";"12";"0";"1414"
"452";"E11047";"POLLO ENTERO REFRIGERADO S/M DIZAMAR";"0";"12";"1415"
"453";"E12032";"PECHUGA PRESA SUELTA";"8";"0";"1417"
"455";"E12034";"MUSLO REFRIGERADO";"0";"12";"1423"
"456";"E12035";"CONTRAMUSLO REFRIGERADO";"0";"12";"1425"
"457";"E12036";"RECORTE ECONOMICO";"8";"0";"1427"
"458";"E12037";"RECORTE BOLSA";"8";"0";"1429"
"460";"E12001";"PECHUGA X 2";"8";"0";"1432"
"461";"E12002";"PECHUGA REFRIGERADA";"0";"12";"1433"
"462";"E12038";"PERNIL INDIVIDUAL";"8";"0";"1434"
"463";"E12003";"PECHUGA REF MARINADA";"0";"12";"1435"
"465";"E12039";"PERNIL PRESA SUELTA";"8";"0";"1438"
"466";"E12006";"MUSLO X 6";"8";"0";"1439"
"467";"E12040";"SUPER PECHUGA DE POLLO INDIVIDUAL";"8";"0";"1440"
"468";"E12007";"SUPERMUSLOS";"8";"0";"1441"
"469";"E12041";"SUPERCONTRAMUSLO";"8";"0";"1442"
"470";"E12042";"ALITAS S/C REFRIGERADA MARINADA GRANEL";"0";"12";"1443"
"472";"E12043";"ALAS X 3 PROMOCIÓN";"8";"0";"1445"
"473";"E12010";"CONTRAMUSLOS MARINADOS BANDEJA";"8";"0";"1447"
"474";"E12011";"ALA C/C REFRIGERADA";"0";"12";"1448"
"475";"E12044";"CONTRAMUSLO REFRIGERADO PROCESO A VA";"0";"12";"1449"
"476";"E12012";"CONTRAMUSLOS C/R CAJA X 5 LB";"8";"0";"1450"
"743";"E12046";"MEDIO POLLO DE CAMPO";"8";"0";"1451"
"477";"E12013";"PERNIL X 2";"8";"0";"1452"
"478";"E12047";"POLLO COMPENSADO CORTE PERNIL";"0";"12";"1453"
"479";"E12049";"PECHUGA REFRIGERADA EXITO";"0";"12";"1455"
"480";"E12014";"PERNIL C/R MARINADO REF E";"0";"12";"1458"
"481";"E12052";"ALAS C/C EXITO REFRIGERADA SIN MARINAR";"0";"12";"1459"
"482";"E12015";"PERNIL CAJA X 5 LB";"8";"0";"1460"
"485";"E12054";"FILETE DE PECHUGA 300 G X 10 UND";"7";"0";"1463"
"486";"E12017";"ALAS X 3";"8";"0";"1464"
"487";"E12055";"FILETE DE PECHUGA X 5 UND";"7";"0";"1465"
"488";"E12018";"ALA INDIVIDUAL";"8";"0";"1466"
"489";"E12019";"ALA PRINCIPE";"8";"0";"1468"
"490";"E12057";"ALAS S/C X 20 PRESA SUELTA";"8";"0";"1469"
"492";"E12058";"COSTILLARES EN BANDEJA";"8";"0";"1471"
"493";"E12021";"RETAL";"8";"0";"1472"
"494";"E12059";"CHULETA DE PECHUGA";"8";"0";"1473"
"495";"E12022";"RABADILLA BANDEJA X 3";"8";"0";"1474"
"496";"E12023";"RABADILLA BOLSA";"8";"0";"1475"
"497";"E12024";"MERCADOS";"8";"0";"1477"
"498";"E12061";"POLLO COMPLETO PRESA SUELTA S/V MARINADO";"8";"0";"1478"
"499";"E12025";"AJIACO ESPECIAL";"8";"0";"1479"
"500";"E12026";"FILETE DE PECHUGA BLOQUE";"0";"12";"1480"
"501";"E12062";"ALITAS S/C REFRIGERADAS";"0";"12";"1481"
"506";"E12066";"PERNIL PRESA SUELTA GRANEL E";"8";"0";"1486"
"507";"E12068";"ALAS C/C REF M";"0";"12";"1487"
"508";"E12070";"PERNIL S/R REFRIGERADO SM";"0";"12";"1489"
"509";"E12071";"ALITAS X 8 S/C BANDEJA";"8";"0";"1490"
"510";"E12085";"FILETE BANDEJA FRESCAMPO";"7";"0";"1496"
"511";"E12086";"MUSLO X 5 FRESCAMPO UND";"8";"0";"1497"
"512";"E12090";"FILETE REFRIGERADO MARINADO";"0";"12";"1501"
"514";"E12094";"CONTRAMUSLO PARA SIN PIEL";"8";"0";"1505"
"515";"E12096";"PERNIL S/R REF TURBAN";"0";"12";"1506"
"520";"E12102";"AJIACO ESPECIAL EXITO";"8";"0";"1512"
"521";"E12103";"RABADILLA BOLSA EXITO UND";"8";"0";"1513"
"522";"E12105";"PECHUGA ESPECIAL EXITO";"8";"0";"1515"
"523";"E12106";"PECHUGA SIN PIEL ESPECIAL EXITO";"8";"0";"1516"
"524";"E12107";"ALA PRINCIPE REFRIGERADA";"0";"12";"1517"
"526";"E12111";"MUSLO PRESA SUELTA X 10";"8";"0";"1521"
"527";"E12113";"CONTRAMUSLO PRESA SUELTA";"8";"0";"1523"
"528";"E12114";"PECHUGA PARA CHULETA PROCESO VA A BPT";"7";"0";"1524"
"529";"E12117";"PECHUGA X 1 BANDEJA";"8";"0";"1527"
"530";"E12118";"MUSLO PRESA SUELTA";"8";"0";"1528"
"532";"E12122";"PRESAS CDM";"8";"0";"1532"
"533";"E12125";"HUESO CDM";"7";"0";"1535"
"535";"E12130";"CONTRAMUSLO X 6 FRESCAMPO";"8";"0";"1538"
"536";"E12132";"RABADILLA REFRIGERADA SM";"0";"12";"1540"
"537";"E12133";"FILETE REFRIGERADO BANDEJA JUMBO";"0";"12";"1541"
"538";"E12135";"ALAS X 8 S/C JUMBO";"0";"12";"1543"
"539";"E12136";"ALAS X 3 JUMBO";"0";"12";"1544"
"540";"E12137";"POLLO ENTERO BJA JUMBO";"0";"12";"1545"
"541";"E12138";"MUSLO X6 JUMBO";"0";"12";"1546"
"542";"E12139";"PERNIL CON RABADILLA DE CAMPO S/M";"0";"12";"1547"
"543";"E12141";"ALAS PRESA SUELTA";"8";"0";"1549"
"544";"E12142";"CONTRAMUSLO X 6 JUMBO";"0";"12";"1550"
"545";"E12143";"PECHUGAS PROCESO A VA";"0";"12";"1551"
"546";"E12144";"FILETE DE PECHUGA 200 G  X 10 UND";"7";"0";"1552"
"547";"E12145";"FILETE DE PECHUGA DE 330 -350 GR";"7";"0";"1553"
"548";"E12146";"ALAS  X 3 FRESCAMPO";"8";"0";"1554"
"549";"E12147";"PERNIL CANASTA";"8";"0";"1555"
"550";"E12148";"CONTRAMUSLO CANASTA CONGELADO MAR";"8";"0";"1556"
"551";"E12149";"MUSLO CANASTA CONGELADO MAR";"8";"0";"1557"
"552";"E12150";"PECHUGAS X 2 FRESCAMPO";"8";"0";"1558"
"553";"E12151";"PECHUGA SIN PIEL BANDEJA";"8";"0";"1559"
"135";"12038";"PERNIL INDIVIDUAL";"8";"0";"156"
"554";"E12152";"CONTRAMUSLO SIN PIEL BANDEJA";"8";"0";"1560"
"555";"E12153";"FILETE DE PECHUGA 150 G X 10 UND";"7";"0";"1561"
"556";"E12154";"MUSLO X 6 PROMOCIÓN";"8";"0";"1562"
"557";"E12155";"CONTRAMUSLO X 6 PROMOCION";"8";"0";"1563"
"558";"E12156";"PERNIL INDIVIDUAL EXITO";"8";"0";"1564"
"559";"E12157";"PECHUGA REFRIGERADA MARINADA S/I EXITO";"0";"12";"1565"
"560";"E12158";"MUSLO REFRIGERADO MARINADO S/I EXITO";"0";"12";"1566"
"561";"E12159";"CONTRAMUSLO REFRIGERADO MARINADO S/I EXI";"0";"12";"1567"
"562";"E12231";"LOMITOS PECHUGA REF M AL VACIO W";"0";"12";"1568"
"563";"E12232";"FILETE DE CONTRA X 2 REF S/M AL VACIO W";"0";"12";"1569"
"564";"E12233";"MINICHUZOS LOMITOS PECH X 6 REF VACIO W";"0";"12";"1570"
"565";"E12234";"COLOMBINA DE POLLO REF S/M GRANEL";"0";"12";"1571"
"567";"E12236";"MUSLO X 6 T";"8";"0";"1573"
"568";"E12237";"CONTRAMUSLOS X 6 T";"8";"0";"1574"
"569";"E12238";"PECHUGA X 2 T";"8";"0";"1575"
"570";"E12239";"PECHUGA X 1 BANDEJA T";"8";"0";"1576"
"572";"E12241";"RECORTE BOLSA DA";"8";"0";"1578"
"575";"E12244";"MUSLO PDV UND";"8";"0";"1581"
"576";"E12245";"CONTRAMUSLO PDV UND";"8";"0";"1582"
"577";"E12246";"PUNTA DE ALA A GRANEL PRESA SUELTA CONGE";"8";"0";"1583"
"578";"E12247";"MIX SURTIDO DE POLLO ";"8";"0";"1584"
"674";"E12253";"PECHUGA INDIVIDUAL S 500 A 700 GR";"8";"0";"1590"
"673";"E12254";"PECHUGA INDIVIDUAL M 700 A 900 GR";"8";"0";"1591"
"672";"E12255";"PECHUGA INDIVIDUAL L MAYOR A 900GR";"8";"0";"1592"
"581";"E12263";"POLLO COMPLETO DESPRESADO S/V 1.8 UND";"8";"0";"1594"
"582";"E12264";"CONTRAMUSLO SIN PIEL R X 12 S/M FAMI EU";"0";"12";"1595"
"583";"E12265";"FILETE 1/2 PECHUGA REF S/M FAMI EU";"0";"12";"1596"
"584";"E12666";"MUSLO SIN PIEL R X 12 S/M FAMI EU";"0";"12";"1597"
"585";"E12667";"PECHUGA SIN PIEL R X 4 S/M FAMI EU";"0";"12";"1598"
"586";"E13001";"MENUDENCIA FINA BANDEJA";"7";"0";"1603"
"587";"E13002";"HIGADO BOLSA";"0";"9";"1604"
"588";"E13003";"MOLLEJA BOLSA";"0";"9";"1605"
"589";"E13004";"CORAZON BOLSA";"0";"9";"1606"
"590";"E13005";"PATAS Y CABEZA UNIDAD";"12";"0";"1607"
"591";"E13006";"CUELLOS REFRIGERADOS";"0";"9";"1608"
"592";"E13008";"PIEL BLOQUE";"7";"0";"1609"
"593";"E13009";"HUESO BOLSA";"7";"0";"1610"
"594";"E13010";"MENUDENCIA FINA X UND";"7";"0";"1611"
"595";"E13012";"MENUDENCIA FINA OBSEQUIO";"7";"0";"1613"
"596";"E13013";"PATAS A GRANEL";"0";"9";"1614"
"598";"E13015";"CARTILAGOS";"7";"0";"1616"
"599";"E13019";"PATAS Y CABEZAS EX UND";"12";"0";"1619"
"600";"E13021";"PATAS Y CABEZAS A GRANEL BL CONGELADAS";"12";"0";"1621"
"601";"E13022";"PIEL REFRIGERADA CF";"0";"12";"1622"
"602";"E13023";"PATAS Y CABEZAS PROMOCIÓN";"12";"0";"1623"
"606";"E13027";"CABEZAS GRANEL CONGELADAS";"12";"0";"1627"
"608";"E13029";"MENUDENCIA FINA BOLSA 450GR UND";"7";"0";"1629"
"609";"E14007";"FILETE PECHUGA COUNTRY CLUB";"7";"0";"1630"
"610";"E14022";"CONTRAMUSLOS C/R CAJA X 5 LB PROMOCION";"8";"0";"1632"
"611";"E14044";"OFERTA POLLO MAYOR A 2.6 UND";"12";"0";"1644"
"612";"E15012";"TROZOS DE POLLO AP 1000 GR UND";"7";"0";"1647"
"613";"E15014";"TROZOS DE PECHUGA BLOQUE";"7";"0";"1648"
"614";"E15015";"TROZOS DE PECHUGA REFRIGERADOS";"0";"12";"1649"
"615";"E15016";"TROZOS PECHUGA BOLSA 1000 G UND";"7";"0";"1650"
"616";"E15017";"TROZOS DE CONTRAMUSLO BOLSA 1000G UND";"7";"0";"1651"
"617";"E15018";"TROZOS DE PECHUGA  REF CARNES FRIAS";"0";"12";"1652"
"618";"E16001";"ALA C/C A GRANEL PRESA SUELTA";"8";"0";"1653"
"619";"E16002";"MUSLO PROCESO PRESA SUELTA A BPT";"8";"0";"1654"
"620";"E16003";"CONTRAMUSLO PROCESO PRESA SUELTA A BPT";"8";"0";"1655"
"621";"E16004";"PERNIL A GRANEL PRESA SUELTA";"8";"0";"1656"
"622";"E16005";"PECHUGA A GRANEL PRESA SUELTA";"8";"0";"1657"
"623";"E16006";"POLLO SIN VISCERA REFR. PROCESO A VA";"0";"9";"1658"
"624";"E16008";"ALA x 20 PROCESO PRESA SUELTA A BPT";"8";"0";"1661"
"625";"E16009";"PUNTA DE ALA PROCESO PRESA SUELTA A BPT";"8";"0";"1662"
"626";"E16015";"FILETE DE PECHUGA PROCESO A VA";"0";"12";"1667"
"784";"E16048";"PASTA DE POLLO CDM REFR";"0";"9";"1687"
"627";"E16049";"HUESO PECHUGA PARA CDM CNG";"8";"0";"1688"
"628";"E16050";"COSTILLARES PARA CDM CNG";"8";"0";"1689"
"629";"E16051";"RABADILLA PARA CDM CNG";"8";"0";"1690"
"630";"E16052";"CARTILAGOS PARA CDM CNG";"8";"0";"1691"
"631";"E16053";"PUNTAS DE MUSLOS PARA CDM CNG";"8";"0";"1692"
"667";"E16058";"PASTA DE POLLO CDM CONG";"3";"0";"1693"
"649";"E12672";"ALA S/C X 20 REF S/M ARO FAMILIAR";"0";"12";"1717"
"650";"E12673";"COLOMBINA DE POLLO X 30 REF S/M ARO FAMI";"0";"12";"1719"
"651";"E12674";"CONTRAMUSLO CON PIEL R X 12 S/M ARO FAMI";"0";"12";"1721"
"652";"E12675";"FILETE 1/2 PECHUGA X 10 REF S/M ARO FAMI";"0";"12";"1723"
"653";"E12676";"MUSLO SIN PIEL X 12 REF S/M ARO FAMI";"0";"12";"1725"
"654";"E12677";"MUSLO CON PIEL REF X12 S/M ARO FAMI";"0";"12";"1727"
"655";"E12678";"PECHUGA SIN PIEL REF X 4 S/M ARO FAMI";"0";"12";"1729"
"656";"E12679";"PECHUGA CON PIEL X 4 REF S/M ARO FAMI";"0";"12";"1731"
"657";"E12680";"ALAS X 8 S/C ARO ESTANDAR";"0";"12";"1733"
"658";"E12681";"COLOMBINA DE POLLO X 14 REF S/M ARO ESTA";"0";"12";"1735"
"659";"E12682";"CONTRAMUSLO X 6 REF S/M ARO ESTANDAR";"0";"12";"1737"
"660";"E12683";"FILETE PECHUGA X 2 REF S/M ARO ESTANDAR";"0";"12";"1739"
"661";"E12684";"MUSLO CON PIEL X 5 REF S/M ARO ESTANDAR";"0";"12";"1741"
"662";"E12685";"MUSLO SIN PIEL X 5 S/M ARO ESTANDAR";"0";"12";"1743"
"663";"E12686";"PECHUGA SIN PIEL X2 REF S/M ARO ESTANDAR";"0";"12";"1745"
"664";"E12687";"PECHUGA X 2 REF S/M ARO ESTANDAR";"0";"12";"1747"
"665";"E12688";"PERNIL X 2 REF S/M ARO ESTANDAR";"0";"12";"1749"
"666";"E12689";"POLLO ENTERO S/V REF S/M ARO ESTANDAR";"0";"12";"1751"
"668";"E12698";"FILETE PECHUGA MUNDO VERDE REF MAR";"0";"12";"1772"
"635";"E12221";"FILETE 1/2 PECHU X 2 REF FINAS H VACIO W";"0";"15";"1779"
"636";"E12222";"ALITAS DE POLLO ADOB REF VACIO W";"0";"15";"1780"
"637";"E12227";"FILETE PECHU REF  FINAS HIERBAS GRANEL W";"0";"15";"1781"
"638";"E12228";"FILETE CONTRAMUSLO";"0";"15";"1782"
"639";"E12229";"ALITAS DE POLLO PICANTES REF GRANEL W";"0";"15";"1783"
"640";"E14001";"CHUZO X 10 POLLOCOA UND";"5";"0";"1784"
"641";"E14002";"ALITAS DE POLLO ADOBADAS PICANTES";"4";"0";"1785"
"642";"E14003";"ALITAS DE POLLO ADOBADAS BBQ UND";"4";"0";"1786"
"643";"E14004";"FILETES DE PECHUGA ADOBADOS BBQ";"4";"0";"1787"
"644";"E14005";"FILETE DE PECHUGA ADOB FINAS HIERBAS UND";"4";"0";"1788"
"645";"E14008";"CHUZO X 3 FRESCAMPO UND";"5";"0";"1789"
"646";"E14020";"POLLO ENTERO ADOBADO";"0";"15";"1790"
"647";"E14038";"CHUZO X 3 POLLOCOA 570 GR UND";"5";"0";"1791"
"648";"E15011";"POLLO ADOBADO REFRIGERADO AL VACIO UND";"0";"15";"1792"
"684";"E13031";"MIX DE VISCERAS X 450GR";"7";"0";"1808"
"679";"E12701";"MEDIO POLLO DESPRESADO 900GR UN";"8";"0";"1809"
"677";"E12702";"TROZOS DE PERNIL 900GR UND";"8";"0";"1810"
"765";"E17001";"COMBO #1";"8";"0";"1828"
"766";"E17002";"COMBO #2";"8";"0";"1829"
"767";"E17003";"COMBO #3";"8";"0";"1830"
"676";"E12075";"SNACK TROZOS BANDEJA MARINADOS DA";"7";"0";"1878"
"669";"E12705";"OFERTA PECHUGA + PERNIL";"8";"0";"1881"
"683";"E13032";"MENUDENCIA FINA CADENAS";"7";"0";"1893"
"680";"E11051";"POLLO REFRIGERADO 1.5- 1.7 BRASAS";"0";"12";"1900"
"681";"E12708";"MUSLO Y CONTRAMUSLO C/R  PRESA SUELTA";"8";"0";"1918"
"682";"E12710";"ALAS C/C GRANEL MARINADAS";"8";"0";"1927"
"688";"E13033";"PATAS CONGELADAS BOLSA";"12";"0";"1941"
"687";"E13034";"MENUDENCIA FINA REFIGERADA";"0";"9";"1946"
"686";"E14039";"FILETES DE PECHUGA ADOB MIEL MOSTAZA";"4";"0";"1947"
"685";"E14040";"ALITAS DE POLLO ADOB MIEL MOSTAZA UND";"4";"0";"1948"
"689";"E14062";"MUESTRAS FILETES DE PECHUGA MARINADOS";"6";"0";"1949"
"690";"14062";"CARNE MOLIDA CONDIMENTADA ESTANDAR X 500";"6";"0";"1954"
"691";"E14065";"FILETE DE PECHUGA APANADO 500 GR UND";"5";"0";"1964"
"692";"E14066";"TROZOS DE PECHUGA APANADOS 500 GR UND";"5";"0";"1965"
"734";"E13036";"SOBRANTES DE PIEL";"8";"0";"1986"
"786";"E14041";"MIX SURTIDO PAGUE 12 LLEVE 13";"8";"0";"2100"
"693";"E12257";"PECHUGA SIN PIEL REF S/M A GRANEL";"0";"12";"2115"
"694";"E12258";"CONTRAMUSLO SIN PIEL REF S/M A GRANEL";"0";"12";"2116"
"695";"E12259";"MUSLO SIN PIEL REF S/M A GRANEL";"0";"12";"2117"
"700";"E12724";"MUSLO PRESA SUELTA X 5";"8";"0";"2119"
"699";"E12725";"CONTRAMUSLO PRESA SUELTA X 5";"8";"0";"2120"
"696";"E12727";"CHULETA DE PECHUGA PRESA SUELTA";"8";"0";"2122"
"698";"E12728";"ALAS S/C X 10 PRESA SUELTA";"8";"0";"2123"
"778";"E13038";"HIGADO CANASTA";"0";"9";"2132"
"697";"E14069";"CHUZO X 5 UND";"5";"0";"2134"
"731";"14070";"SALCHICHON DE POLLO CERVECERO X 450 G";"0";"45";"2149"
"701";"E12729";"CONTRAMUSLO PRESA SUELTA X 4";"8";"0";"2153"
"702";"E12730";"CONTRAMUSLO C/R PRESA SUELTA X 3";"8";"0";"2158"
"712";"E12731";"ALAS C/C POLLO DE CAMPO A GRANEL";"8";"0";"2165"
"754";"E12735";"MEDIA PECHUGA PRESA SUELTA X 3";"8";"0";"2178"
"704";"E12736";"PERNIL C/R DE CAMPO";"12";"0";"2179"
"703";"E11055";"POLLO MARINADO CONGELADO S/V 2.7-3.0";"12";"0";"2180"
"711";"E12737";"PERNIL C/R POLLO DE CAMPO INDIVIDUAL";"8";"0";"2182"
"710";"E12738";"PECHUGA POLLO DE CAMPO INDIVIDUAL";"8";"0";"2184"
"706";"E12260";"FILETE 1/2 PECHU X 10 REF M W";"0";"12";"2190"
"708";"E12262";"PECHUGA SIN PIEL X 4 REF M W";"0";"12";"2191"
"707";"E12261";"MUSLO X 12 SIN PIEL REF M W";"0";"12";"2192"
"709";"E12290";"FILETE DE CONTRAMUSLO X 15 REF M W";"0";"12";"2193"
"713";"E12045";"PERNIL C/R POLLO DE CAMPO INDV DA";"8";"0";"2195"
"714";"E12067";"PECHUGA POLLO DE CAMPO INDIVIDUAL  DA";"8";"0";"2196"
"715";"E11015";"POLLO CAMPO MARINADO CONGELADO  SV DA";"8";"0";"2197"
"717";"E12073";"PERNIL SIN RABADILLA DE CAMPO S/M";"0";"12";"2207"
"716";"E12072";"PECHUGA DE CAMPO REFRIGERADA SIN MARINAR";"0";"12";"2208"
"723";"E11058";"POLLO ENTERO REFRIGERADO DE CAMPO S/M";"0";"12";"2411"
"719";"E13039";"CORAZON BOLSA S/I";"0";"12";"3096"
"720";"E13040";"HIGADO BOLSA S/I";"0";"9";"3097"
"721";"E13041";"PATAS A GRANEL S/I";"0";"9";"3099"
"722";"E13042";"MOLLEJA BOLSA S/I";"0";"9";"3100"
"718";"E12128";"ALA C/C REFRIGERADA MARINADA";"0";"12";"3101"
"733";"14039";"CHORIZO DE POLLO X 10 UND";"4";"0";"3718"
"724";"E14009";"MEDIO FILETE DE PECHUGA 250 - 270 g";"0";"12";"3771"
"730";"14041";"CHORIZO DE POLLO 900 G PROMOCION";"4";"0";"3815"
"725";"E11025";"POLLO MAR CONGELADO SIN CLASIFICAR CHOCO";"12";"0";"4044"
"726";"E12077";"PECHUGA DE CAMPO MAR REF A GRANEL";"0";"12";"4051"
"727";"E12078";"PERNIL DE CAMPO MAR REF A GRANEL";"0";"12";"4052"
"728";"E12083";"ALA C/C DE CAMPO MAR REF A GRANEL";"0";"12";"4053"
"732";"E12303";"FILETE DE PERNIL SIN MARINAR";"0";"12";"5096"
"167";"11020";"POLLO ASADERO 2.2 -2.6";"12";"0";"51"
"180";"11034";"POLLO ASADERO MAYOR A 2.6";"12";"0";"563"
"735";"E12741";"PERNIL S/R MARINADO REFRIGERADO";"0";"12";"5660"
"737";"15020";"BUTIFARRA + OBSEQUIO";"0";"30";"5998"
"782";"15023";"BUTIFARRA 500g PROMOCION 2x1";"0";"30";"6025"
"738";"E12304";"FILETE DE PECHUGA 120 G X 10 UND";"7";"0";"6039"
"739";"E14071";"FILETE DE PECHUGA INSTI 115-125";"7";"0";"6185"
"740";"E14072";"FILETE DE PECHUGA INSTI 145-155";"7";"0";"6186"
"741";"E14073";"FILETE DE PECHUGA INST 195-205";"7";"0";"6187"
"742";"E14074";"FILETE DE PECHUGA INST 295-305";"7";"0";"6188"
"318";"14010";"CHORIZO A GRANEL";"4";"0";"625"
"192";"14011";"ROLLO POLLO CON VERDURAS X 500 GR UND";"0";"45";"626"
"193";"14013";"CARNE MOLIDA CONDIMENTADA X 500";"6";"0";"628"
"194";"14014";"SALCHICHON DE POLLO X 500 GR";"0";"45";"629"
"729";"14016";"SALCHICHON CERVECERO DE POLLO OBSEQUIO";"0";"45";"631"
"744";"E16029";"ALAS C/C DE CAMPO REFRIGERADAS SM";"0";"12";"6377"
"745";"E16030";"FILETE DE PECHUGA DE CAMPO SM A GRANEL";"0";"12";"6378"
"746";"E16031";"ALAS SIN COSTILLAR CAMPO SM A GRANEL";"0";"12";"6379"
"751";"E16032";"POLLO MARINADO CONGELADO S/V DE CAMPO DA";"8";"0";"6386"
"752";"E16035";"PECHUGA POLLO DE CAMPO INDIVIDUAL DA";"8";"0";"6387"
"750";"E16036";"PERNIL C/R POLLO DE CAMPO INDIVIDUAL DA";"8";"0";"6389"
"753";"E16037";"MEDIO POLLO DE CAMPO DA";"8";"0";"6390"
"197";"11019";"POLLO ASADERO 2.0 -2.2";"12";"0";"64"
"747";"E16038";"FILETE DE PECHUGA CAMPO X7";"7";"0";"6449"
"748";"E16059";"FILETE DE PECHUGA CAMPO X7 DA";"7";"0";"6454"
"749";"E13043";"CABEZAS A GRANEL REFRIGERADAS";"0";"8";"6481"
"755";"E14006";"POLLO DE CAMPO AL VACIO - BARRIL";"0";"12";"6662"
"756";"E14010";"POLLO DE CAMPO AL VACIO - BARRIL DA";"0";"12";"6677"
"314";"11035";"POLLO REFRIGERADO 1 1.6 1.8";"0";"12";"703"
"208";"11036";"POLLO REFRIGERADO 2 (1.8-2.0)";"0";"12";"704"
"209";"11037";"POLLO REFRIGERADO 3 (2.0-2.2)";"0";"12";"705"
"217";"14018";"LOMO NAVIDENO";"0";"45";"713"
"221";"14019";"LOMO CON CHAMPINONES X 850";"0";"45";"719"
"230";"15006";"SALCHICHON DE POLLO X 750 GR";"0";"45";"754"
"736";"15007";"BUTIFARRA 500 GR";"0";"30";"755"
"249";"11002";"POLLO ASADERO 1.6-1.8";"12";"0";"83"
"335";"15013";"SALCHICHA MANGUERA 500 GR";"0";"45";"859"
"269";"15014";"TROZOS DE PECHUGA BLOQUE";"7";"0";"912"
"279";"14036";"LOMO DE PECHUGA";"0";"45";"929"
"757";"E12305";"POLLO COMPENSADO CORTE X7";"0";"12";"9584"
"758";"14066";"RECORTES TOCINETA DE POLLO";"0";"30";"9682"
"759";"E13044";"PATAS DE SEGUNDA A GRANEL";"0";"11";"9701"
"760";"E12309";"PECHUGA CAMPO (56%) S/ALA GRANEL";"8";"0";"9800"
"761";"E12310";"MUSLO CAMPO (20%) S/ALA GRANEL";"8";"0";"9802"
"762";"E12311";"CONTRAMUSLO CAMPO (24%) S/ALA GRANEL";"8";"0";"9803"
"763";"E12312";"POLLO DE CAMPO DESPRESADO S/ALA GRANEL";"8";"0";"9804"
"764";"E13045";"PATA INDUSTRIAL";"8";"0";"9823"
"296";"14037";"LOMO DE POLLO CON ESPECIAS";"0";"45";"985"
"771";"E12742";"MUSLO X5 DE CAMPO S/M JUMBO";"0";"12";"9925"
"770";"E12743";"CONTRAMUSLO X 5 CAMPO S/M JUMBO";"0";"12";"9926"
"768";"E11119";"POLLO CAMPO DESPRESADO S/M REF BANDEJA";"0";"12";"9927"
"769";"E12744";"PECHUGA REFRIGERADA DE CAMPO S/M BANDEJA";"0";"12";"9946"

